Aractip,Marka,Model,Arac Kayit Tip,Jan-21,Feb-21,Mar-21,Apr-21,May-21,Jun-21,Jul-21,Aug-21,Sep-21,Oct-21,Nov-21,Dec-21,Total
ROMÖRK,-----,TENTELİ KAPALI,Kullanılmış,0,0,1,0,0,0,0,0,0,0,0,0,1
ROMÖRK,-----,ASFALT TANKERİ,Kullanılmış,0,0,1,0,0,0,0,0,0,0,0,0,1
TRAKTÖR,-----,TRAKTÖR,Kullanılmış,0,0,1,0,0,0,0,0,0,0,0,0,1
MOTORLU TR (ATV),-----,ATV HS 450,Kullanılmış,0,0,1,0,0,0,0,0,0,0,0,0,1
ROMÖRK,-----,ERH10,Kullanılmış,0,0,0,1,0,0,0,0,0,0,0,0,1
SALON ARAÇ,-----,60 V,Kullanılmış,0,0,0,1,0,0,0,0,0,0,0,0,1
SALON ARAÇ,ABARTH,595 TURISMO S-A,Kullanılmış,0,0,0,0,1,0,0,0,0,0,0,0,1
SALON ARAÇ,ABARTH,124SPIDER MULTIAIR AUTO,Kullanılmış,0,0,0,0,0,0,0,0,0,0,1,0,1
SALON ARAÇ,ALFA,ROMEO,Kullanılmış,0,0,0,0,0,0,0,0,0,1,0,0,1
ROMÖRK,ALPASLAN,KATRAN TANKERİ,Kullanılmış,0,0,0,2,0,0,0,0,0,0,0,0,2
TRAKTÖR,ARMATRAC,1104,Kullanılmış,0,0,0,0,0,0,0,0,1,0,0,0,1
SALON ARAÇ,ASTON MARTIN,SUPERLEGGERA,Kullanılmış,0,0,0,0,0,0,0,1,0,0,0,0,1
SALON ARAÇ,AUDI,A5,Kullanılmış,3,0,2,1,5,0,1,1,0,1,3,1,18
SALON ARAÇ,AUDI,TT,Kullanılmış,1,0,0,0,0,0,1,0,0,1,0,0,3
SALON ARAÇ,AUDI,A3,Kullanılmış,3,3,12,3,7,3,3,9,10,6,5,1,65
SALON ARAÇ,AUDI,S7,Kullanılmış,1,0,0,0,0,0,0,0,0,0,0,0,1
SALON ARAÇ,AUDI,A4,Kullanılmış,1,0,4,0,5,2,2,2,2,0,1,1,20
SALON ARAÇ,AUDI,A1,Kullanılmış,2,0,1,4,3,0,2,2,0,4,2,0,20
SALON ARAÇ,AUDI,S3,Kullanılmış,1,0,1,0,1,0,0,0,0,0,1,0,4
ESTATE,AUDI,Q3,Kullanılmış,1,2,1,2,1,2,0,2,2,2,0,1,16
SALON ARAÇ,AUDI,A6,Kullanılmış,0,2,2,1,1,1,2,1,2,0,1,0,13
SALON ARAÇ,AUDI,A7,Kullanılmış,0,0,1,2,0,0,0,0,0,3,2,1,9
ESTATE,AUDI,Q8,Kullanılmış,0,0,1,1,0,0,0,0,0,0,1,0,3
ESTATE,AUDI,Q5,Kullanılmış,0,0,1,1,0,1,0,0,0,1,0,0,4
ESTATE,AUDI,Q7,Kullanılmış,0,0,0,0,1,1,0,0,1,0,0,1,4
SALON ARAÇ,AUDI,S5,Kullanılmış,0,0,0,0,1,0,0,0,0,0,0,1,2
ESTATE,AUDI,Q2,Kullanılmış,0,0,0,0,1,0,0,0,1,1,2,2,7
SALON ARAÇ,AUDI,RS5,Kullanılmış,0,0,0,0,1,0,0,0,0,0,0,0,1
SALON ARAÇ,AUDI,A8,Kullanılmış,0,0,0,0,0,0,1,0,1,0,0,0,2
ESTATE,AUDI,SQ8,Kullanılmış,0,0,0,0,0,0,0,0,1,0,0,0,1
SALON ARAÇ,BENTLEY,CONTIENTAL GT,Kullanılmış,1,0,0,0,1,0,0,1,0,0,0,0,3
ESTATE,BENTLEY,BENTAYGA V8 D AUTO,Kullanılmış,0,0,0,0,0,0,0,0,1,0,0,0,1
SALON ARAÇ,BENTLEY,FLYING SPUR V8 S,Kullanılmış,0,0,0,0,0,0,0,0,0,1,0,0,1
ESTATE,BENTLEY,BENTAYGA W12 AUTO,Kullanılmış,0,0,0,0,0,0,0,0,0,0,0,1,1
ESTATE,BMW,X6,Kullanılmış,2,0,0,0,1,0,0,0,0,1,0,0,4
SALON ARAÇ,BMW,1-SERİES,Kullanılmış,8,1,11,4,11,9,4,5,5,7,6,4,75
SALON ARAÇ,BMW,5-SERİES,Kullanılmış,11,3,12,13,22,10,10,21,12,8,9,5,136
SALON ARAÇ,BMW,2-SERİES,Kullanılmış,2,0,0,1,5,0,2,2,0,1,0,0,13
SALON ARAÇ,BMW,6-SERİES,Kullanılmış,1,2,1,0,1,0,1,0,0,0,1,0,7
ESTATE,BMW,X1,Kullanılmış,3,1,2,3,7,1,0,6,1,2,1,0,27
SALON ARAÇ,BMW,3-SERİES,Kullanılmış,2,2,2,4,11,3,1,6,3,5,4,1,44
MOTOSİKLET,BMW,R1250,Kullanılmış,1,0,0,0,0,0,0,0,0,0,0,0,1
SALON ARAÇ,BMW,4-SERİES,Kullanılmış,3,1,9,11,8,3,3,9,3,4,2,1,57
SALON ARAÇ,BMW,M-SERİES,Kullanılmış,0,0,1,0,5,0,0,2,0,0,0,0,8
MOTOSİKLET,BMW,C650,Kullanılmış,0,0,1,0,0,0,0,0,0,0,0,0,1
MOTOSİKLET,BMW,G 310,Kullanılmış,0,0,0,1,4,0,0,1,0,1,1,0,8
MOTOSİKLET,BMW,K 1600,Kullanılmış,0,0,0,1,0,0,0,0,0,0,0,0,1
ESTATE,BMW,X4,Kullanılmış,0,0,0,0,1,0,0,1,0,0,0,0,2
ESTATE,BMW,X3,Kullanılmış,0,0,0,0,1,1,1,0,0,0,1,0,4
MOTOSİKLET,BMW,F 800 GS,Kullanılmış,0,0,0,0,1,2,0,0,0,0,0,0,3
SALON ARAÇ,BMW,7-SERİES,Kullanılmış,0,0,0,0,1,1,0,1,1,0,0,0,4
ESTATE,BMW,X5,Kullanılmış,0,0,0,0,1,1,0,1,1,0,0,0,4
SALON ARAÇ,BMW,8-SERİES,Kullanılmış,0,0,0,0,1,2,0,0,0,0,0,0,3
SALON ARAÇ,BMW,I3 RANGE EXTENDER,Kullanılmış,0,0,0,0,0,0,0,3,0,0,0,0,3
MOTOSİKLET,BMW,S 1000 RR SPORT,Kullanılmış,0,0,0,0,0,0,0,1,0,0,0,0,1
ESTATE,BMW,X6,Kullanılmış,0,0,0,0,0,0,0,0,1,0,0,0,1
MOTOSİKLET,BMW,R NINET SCRAMBLER,Kullanılmış,0,0,0,0,0,0,0,0,1,0,0,0,1
MOTOSİKLET,BMW,S 1000,Kullanılmış,0,0,0,0,0,0,0,0,0,2,0,0,2
SALON ARAÇ,BMW,İ8-SERİES,Kullanılmış,0,0,0,0,0,0,0,0,0,2,1,0,3
MOTOSİKLET,BMW,R 18,Kullanılmış,0,0,0,0,0,0,0,0,0,1,0,0,1
SALON ARAÇ,BMW,Z-SERİES,Kullanılmış,0,0,0,0,0,0,0,0,0,0,1,0,1
ÇİFT KABİN,CADILLAC,ESCALADE,Kullanılmış,0,0,0,0,1,0,0,0,0,0,0,0,1
MOTORLU TR (ATV),CAN-AM,OUTLANDER,Kullanılmış,1,0,2,0,1,0,0,0,1,0,0,0,5
MOTORLU TR (ATV),CAN-AM,MAVERIC X3 UTV,Kullanılmış,0,0,0,0,2,1,0,0,0,1,0,0,4
MOTORLU TR (ATV),CAN-AM,SSV MAV,Kullanılmış,0,0,0,0,0,0,0,0,0,0,0,0,0
MOTORLU TR (ATV),CAN-AM,COMMANDER UTV,Kullanılmış,0,0,0,0,0,0,0,0,0,1,0,0,1
TRAKTÖR,CASE 1H,CJX100 KABİNLİ,Kullanılmış,0,0,0,0,1,0,0,0,0,0,0,0,1
SALON ARAÇ,CHEVROLET,ORLANDO,Kullanılmış,0,0,0,0,0,1,0,0,0,0,0,0,1
SALON ARAÇ,CHRYSLER,300 S,Kullanılmış,0,0,0,0,0,0,0,0,0,1,0,0,1
PANELVAN,CITROEN,BERLINGO,Kullanılmış,0,1,0,0,0,0,0,0,0,1,0,0,2
PANELVAN,CITROEN,RELAY 30,Kullanılmış,0,0,0,1,0,0,0,0,0,0,0,0,1
KAMYONET,CITROEN,NEMO,Kullanılmış,0,0,0,0,1,0,0,0,0,0,0,0,1
SALON ARAÇ,CITROEN,C4,Kullanılmış,0,0,0,0,0,0,0,0,1,0,0,0,1
ROMÖRK,CRANE,TREYLER SU TANKERİ,Kullanılmış,0,0,0,0,0,0,0,0,0,0,1,0,1
MOTOSİKLET,CROX,125,Kullanılmış,0,0,0,0,0,1,0,0,0,0,0,0,1
KAMYON,DAF,TRUCKS,Kullanılmış,3,0,3,1,5,3,0,1,0,0,0,1,17
BİRLEŞTİRİLEN ARAÇ,DAF,ÇEKİCİ,Kullanılmış,2,3,1,0,2,1,0,0,0,4,1,0,14
KAMYON,DAF,KENDİNİ YÜKLEYİCİ,Kullanılmış,1,0,0,0,0,0,0,0,0,0,0,0,1
KAMYON,DAF,SU TANKERİ,Kullanılmış,0,1,0,0,0,0,0,0,0,0,0,0,1
BİRLEŞTİRİLEN ARAÇ,DAF,TRUCKS,Kullanılmış,0,1,1,0,1,0,0,0,3,0,0,0,6
KAMYON,DAF,VİDANJÖR,Kullanılmış,0,0,0,1,0,0,0,0,0,0,1,0,2
KAMYON AĞIR,DAF,TİPPER,Kullanılmış,0,0,0,0,1,0,0,0,0,0,0,0,1
KAMYON,DAF,YAKIT TANKERİ,Kullanılmış,0,0,0,0,0,0,0,1,0,0,0,0,1
KAMYON,DAF,ÇÖP KAMYONU,Kullanılmış,0,0,0,0,0,0,0,1,1,0,0,0,2
KAMYON,DAF,ARKASI AÇIK YANLIKLI,Kullanılmış,0,0,0,0,0,0,0,0,0,1,0,0,1
KAMYON,DAF,TİPPER,Kullanılmış,0,0,0,0,0,0,0,0,0,0,2,2,4
KAMYON,DAF,ARAC TASIYICI,Kullanılmış,0,0,0,0,0,0,0,0,0,0,1,0,1
KAMYON,DAF,LF45,Kullanılmış,0,0,0,0,0,0,0,0,0,0,0,1,1
KAMYONET,DAIHATSU,HIJET,Kullanılmış,1,0,0,0,1,0,0,0,1,0,0,0,3
SALON ARAÇ,DAIHATSU,MİRA,Kullanılmış,2,0,2,1,1,2,1,1,0,2,2,2,16
SALON ARAÇ,DAIHATSU,BOON,Kullanılmış,0,0,1,1,0,0,0,0,0,0,0,0,2
PANELVAN,DAIHATSU,HİJET,Kullanılmış,0,0,0,0,0,0,0,0,0,1,0,0,1
ROMÖRK,DENNISON,TREYLER,Kullanılmış,0,0,0,0,0,1,0,0,0,0,0,0,1
MOTOSİKLET,DUCATI,MULTISTRADA 950 S,Kullanılmış,0,0,0,0,1,0,0,0,0,0,0,0,1
KAMYON,ERF,SU TANKERİ,Kullanılmış,1,0,0,0,0,0,0,0,0,0,0,0,1
TRAKTÖR,ERKUNT,KUDRET,Kullanılmış,0,0,0,0,0,0,0,0,0,0,1,0,1
ROMÖRK,EUROLİNE KAPALI,TENTELİ KAPALI,Kullanılmış,0,0,0,1,0,0,0,0,0,0,0,0,1
SALON ARAÇ,FIAT,500,Kullanılmış,2,1,0,0,2,0,0,0,0,1,0,0,6
PANELVAN,FIAT,DOBLO,Kullanılmış,1,0,1,3,0,0,1,1,0,1,0,0,8
ÇİFT KABİN,FIAT,FULLBACK,Kullanılmış,0,0,1,0,0,0,0,0,0,0,0,0,1
KAMYONET,FIAT,FİORİNO,Kullanılmış,0,0,0,1,0,0,0,0,0,0,0,0,1
TRAKTÖR,FIAT,450,Kullanılmış,0,0,0,0,1,0,0,0,0,0,0,0,1
PANELVAN,FIAT,DUCATO,Kullanılmış,0,0,0,0,0,1,0,0,0,0,0,0,1
MOTOSİKLET,FIDDLE 111,125,Kullanılmış,0,0,0,0,0,0,0,1,0,0,0,0,1
KAMYON,FODEN,YAKIT TANKERİ,Kullanılmış,0,0,0,0,0,0,0,0,0,0,1,0,1
KAMYONET,FORD,CUSTOM,Kullanılmış,1,0,0,0,0,0,0,0,0,0,0,0,1
OTOBÜS,FORD,TRANSİT,Kullanılmış,1,0,0,0,1,1,0,0,0,1,0,0,4
ÇİFT KABİN,FORD,RANGER,Kullanılmış,1,0,4,2,4,1,2,3,1,3,1,3,25
KAMYONET,FORD,TRANSİT,Kullanılmış,7,4,4,8,5,6,2,0,4,12,7,4,63
TRAKTÖR,FORD,TRAKTÖR,Kullanılmış,1,0,0,0,0,0,0,0,0,0,0,0,1
PANELVAN,FORD,TRANSİT,Kullanılmış,3,2,3,0,4,6,3,10,8,13,5,4,61
KAMYONET,FORD,KAPALI KAMYONET,Kullanılmış,1,0,0,0,0,0,0,0,0,0,0,0,1
PANELVAN,FORD,FİESTA,Kullanılmış,0,1,0,2,1,0,1,0,0,0,0,0,5
KAMYONET,FORD,340S,Kullanılmış,0,1,0,0,0,0,0,0,0,0,0,0,1
TRAKTÖR,FORD,4000,Kullanılmış,0,1,0,0,0,0,0,0,0,0,0,0,1
ÇİFT KABİN,FORD,TRANSİT,Kullanılmış,0,0,1,1,0,0,2,0,0,2,1,1,8
TRAKTÖR,FORD,3000,Kullanılmış,0,0,1,1,0,0,0,1,0,0,0,0,3
KAMYON,FORD,TRANSİT,Kullanılmış,0,0,1,0,0,1,0,0,0,2,0,1,5
SALON ARAÇ,FORD,FİESTA,Kullanılmış,0,0,1,3,0,1,0,0,0,0,0,0,5
ESTATE,FORD,CUSTOM,Kullanılmış,0,0,1,0,0,0,0,0,0,0,0,0,1
KAMYONET,FORD,COURIER,Kullanılmış,0,0,4,0,0,2,0,0,0,0,0,0,6
KAMYONET,FORD,350L,Kullanılmış,0,0,0,1,0,0,0,0,0,0,0,0,1
TRAKTÖR,FORD,5000,Kullanılmış,0,0,0,0,1,0,2,0,0,2,0,0,5
ESTATE,FORD,KUGA,Kullanılmış,0,0,0,0,0,1,0,0,0,0,0,0,1
KAMYON,FORD,İVECO,Kullanılmış,0,0,0,0,0,1,0,0,0,0,0,0,1
ESTATE,FORD,TOURNEO,Kullanılmış,0,0,0,0,0,0,0,1,0,0,0,1,2
KAMYONET,FORD,FİESTA,Kullanılmış,0,0,0,0,0,0,0,1,0,0,0,0,1
ESTATE,FORD,FOCUS,Kullanılmış,0,0,0,0,0,0,0,0,1,0,0,0,1
SALON ARAÇ,FORD,MONDEO,Kullanılmış,0,0,0,0,0,0,0,0,1,0,0,0,1
TRAKTÖR,FORD,TRANSİT,Kullanılmış,0,0,0,0,0,0,0,0,0,1,0,0,1
SALON ARAÇ,FORD,ECOSPORT,Kullanılmış,0,0,0,0,0,0,0,0,0,0,1,0,1
SALON ARAÇ,FORD,FOCUS,Kullanılmış,0,0,0,0,0,0,0,0,0,0,1,0,1
SALON ARAÇ,FORD,MUSTANG,Kullanılmış,0,0,0,0,0,0,0,0,0,0,1,0,1
ROMÖRK,FRUEHAUF,TRI AXLE SU TANKERİ,Kullanılmış,0,0,0,0,0,0,0,0,1,0,0,0,1
ÇİFT KABİN,GMC,SIERRA,Kullanılmış,0,0,0,1,0,0,0,0,0,0,0,0,1
ROMÖRK,GRAY,TREYLER,Kullanılmış,0,0,0,0,0,1,0,0,0,0,0,0,1
ROMÖRK,GRAY,ADAMS BUZLUKLU,Kullanılmış,0,0,0,0,0,0,0,1,0,0,0,0,1
ÇİFT KABİN,GREAT WALL,STEED SE,Kullanılmış,0,0,0,0,0,1,0,0,0,0,0,0,1
MOTOSİKLET,HARLEY DAVIDSON,XL 1200T SUPERLOW SPORTS,Kullanılmış,0,0,0,0,0,0,0,0,0,1,0,0,1
KAZICI-YÜKLEYİCİ,HMK,102BBACKHOE LOADER ALPH,Kullanılmış,0,0,0,0,0,0,0,0,0,0,0,1,1
SALON ARAÇ,HONDA,FİT,Kullanılmış,54,14,53,57,73,49,28,49,73,55,44,34,583
Motobisiklet,HONDA,TODAY,Kullanılmış,1,0,1,0,1,0,1,1,0,0,0,1,6
SALON ARAÇ,HONDA,FREED,Kullanılmış,3,0,0,0,0,0,0,2,1,0,1,0,7
SALON ARAÇ,HONDA,HR-V,Kullanılmış,2,0,1,1,0,0,1,1,1,0,0,0,7
ESTATE,HONDA,VEZEL,Kullanılmış,9,4,10,10,17,13,7,15,17,0,0,0,102
ESTATE,HONDA,ACTY,Kullanılmış,2,1,0,1,0,0,0,1,0,0,0,0,5
MOTOSİKLET,HONDA,HORNET,Kullanılmış,2,0,0,0,0,0,0,0,1,0,0,0,3
MOTOSİKLET,HONDA,ACTİVA,Kullanılmış,2,0,1,1,2,2,6,1,4,0,0,0,19
MOTOSİKLET,HONDA,CBF250NAK,Kullanılmış,0,0,1,0,0,0,0,0,0,0,0,0,1
MOTOSİKLET,HONDA,NSC,Kullanılmış,0,0,4,0,0,0,0,0,1,0,0,2,7
MOTOSİKLET,HONDA,DIO,Kullanılmış,0,0,1,0,0,4,0,0,2,0,0,0,7
ESTATE,HONDA,CR-V,Kullanılmış,0,0,2,1,0,1,2,1,3,1,1,0,12
Motobisiklet,HONDA,GIORNO,Kullanılmış,0,0,0,2,0,0,0,0,0,0,0,0,2
SALON ARAÇ,HONDA,CIVIC,Kullanılmış,0,0,0,1,1,0,0,0,0,0,1,0,3
SALON ARAÇ,HONDA,GRACE,Kullanılmış,0,0,0,1,1,0,0,0,0,0,1,0,3
MOTOSİKLET,HONDA,C125AK,Kullanılmış,0,0,0,0,0,1,0,0,0,0,0,0,1
MOTOSİKLET,HONDA,X-BALDE,Kullanılmış,0,0,0,0,0,1,0,0,0,0,0,0,1
MOTOSİKLET,HONDA,C 110,Kullanılmış,0,0,0,0,0,1,0,0,0,0,0,0,1
SALON ARAÇ,HONDA,N-WGN,Kullanılmış,0,0,0,0,0,0,1,0,0,0,0,0,1
SALON ARAÇ,HONDA,ACTY,Kullanılmış,0,0,0,0,0,0,0,1,0,1,1,0,3
SALON ARAÇ,HONDA,CRZ,Kullanılmış,0,0,0,0,0,0,0,1,0,0,0,0,1
MOTOSİKLET,HONDA,NSC 110 M,Kullanılmış,0,0,0,0,0,0,0,0,0,0,0,0,0
SALON ARAÇ,HONDA,VEZEL,Kullanılmış,0,0,0,0,0,0,0,0,0,15,5,5,25
MOTORLU TR (ATV),HONDA,TRX 450,Kullanılmış,0,0,0,0,0,0,0,0,0,0,1,0,1
MOTOSİKLET,HONDA,JOKER,Kullanılmış,0,0,0,0,0,0,0,0,0,0,1,0,1
MOTOSİKLET,HONDA,CB 350 RS,Kullanılmış,0,0,0,0,0,0,0,0,0,0,0,1,1
FORK LİFT,HYSTER,FORKLİF H2-50,Kullanılmış,0,0,0,0,1,0,0,0,0,0,0,0,1
ESTATE,HYUNDAI,TUCSON,Kullanılmış,1,0,0,0,3,0,0,0,0,0,1,1,6
SALON ARAÇ,HYUNDAI,VENUE,Kullanılmış,0,0,0,0,1,0,0,0,0,0,0,0,1
SALON ARAÇ,HYUNDAI,I40,Kullanılmış,0,0,0,0,1,0,0,0,0,0,0,0,1
ESTATE,HYUNDAI,1800 SE NAV,Kullanılmış,0,0,0,0,0,1,0,0,0,0,0,0,1
SALON ARAÇ,HYUNDAI,IX20,Kullanılmış,0,0,0,0,0,0,0,2,0,0,0,0,2
SALON ARAÇ,HYUNDAI,I10,Kullanılmış,0,0,0,0,0,0,0,0,0,0,0,1,1
SALON ARAÇ,HYUNDAI,ACCENT,Kullanılmış,0,0,0,0,0,0,0,0,0,0,0,1,1
SALON ARAÇ,HYUNDAI,İ20,Kullanılmış,0,0,0,0,0,0,0,0,0,0,0,7,7
TRAKTÖR,ISEKI,TS 1610 BAHÇE TRAKTÖRÜ,Kullanılmış,0,0,0,0,1,0,0,0,0,0,0,0,1
TRAKTÖR,ISEKI,TS2810,Kullanılmış,0,0,0,0,0,0,0,0,1,0,0,0,1
KAMYON,ISUZU,ELF,Kullanılmış,6,2,9,8,2,6,4,4,6,2,1,5,55
ÇİFT KABİN,ISUZU,D-MAX,Kullanılmış,4,0,4,4,4,2,2,2,2,5,2,4,35
ÇİFT KABİN,ISUZU,RODEO,Kullanılmış,1,0,8,1,1,3,1,5,3,0,2,1,26
KAMYON,ISUZU,TRUCKS FORW.N75,Kullanılmış,3,1,6,0,11,0,3,0,5,3,2,3,37
KAMYON,ISUZU,YANLARI PERDELİ,Kullanılmış,0,2,0,0,0,0,0,1,0,0,0,0,3
ÇİFT KABİN,ISUZU,ÇİFT KABİN ARKASI AÇIK,Kullanılmış,0,0,0,0,0,0,0,0,0,0,0,0,0
KAMYONET,ISUZU,ELF,Kullanılmış,0,1,1,0,0,0,2,1,2,0,0,2,9
ÇİFT KABİN,ISUZU,ELF,Kullanılmış,0,0,0,1,0,0,0,0,1,1,0,0,3
KAMYON,ISUZU,YANLIKLI KENDİNİ YÜKLEYİCİ,Kullanılmış,0,0,0,1,0,0,0,0,0,0,0,0,1
PANELVAN,ISUZU,ELF,Kullanılmış,0,0,0,0,0,1,0,0,0,0,0,0,1
KAMYON,ISUZU,KENDİNDEN YÜKLEYİCİ,Kullanılmış,0,0,0,0,0,0,0,1,0,0,0,0,1
KAMYON,ISUZU,NQR 70,Kullanılmış,0,0,0,0,0,0,0,0,1,0,0,0,1
KAMYON,ISUZU,BUZLUKLU,Kullanılmış,0,0,0,0,0,0,0,0,1,0,0,0,1
KAMYON,ISUZU,ARKASI AÇIK,Kullanılmış,0,0,0,0,0,0,0,0,1,0,1,0,2
KAMYON,ISUZU,DÜZ KASA KENDİNİ YÜKLEYİC,Kullanılmış,0,0,0,0,0,0,0,0,0,0,0,1,1
KAMYON,IVECO,PERDELİ,Kullanılmış,0,0,0,0,0,0,1,0,0,0,0,0,1
KAMYON,IVECO,BOX VAN,Kullanılmış,0,0,0,0,0,0,0,1,0,0,0,1,2
KAMYON,IVECO,BUZLUKLU,Kullanılmış,0,0,0,0,0,0,0,0,2,0,0,0,2
KAMYON,IVECO,ÇÖP KAMYONU,Kullanılmış,0,0,0,0,0,0,0,0,0,0,0,1,1
SALON ARAÇ,İNFİNİTİ,QX30,Kullanılmış,0,0,0,0,1,0,0,0,0,0,0,0,1
SALON ARAÇ,İNFİNİTİ,Q50,Kullanılmış,0,0,0,0,0,0,0,1,0,0,0,0,1
BİRLEŞTİRİLEN ARAÇ,İVECO,STROLİS ÇEKİCİ,Kullanılmış,0,0,1,0,0,0,0,0,0,0,0,0,1
KAMYON,İVECO,VİDANJÖR,Kullanılmış,0,0,1,0,0,0,0,0,0,0,0,0,1
KAMYON,İVECO,TRUCKS ÇÖP KON.TAŞIYICI,Kullanılmış,0,0,0,0,1,0,0,0,0,0,0,0,1
SALON ARAÇ,JAGUAR,XE,Kullanılmış,5,0,1,1,2,1,2,0,2,1,0,1,16
ESTATE,JAGUAR,F-PACE,Kullanılmış,2,1,2,0,1,1,1,2,1,0,0,1,12
SALON ARAÇ,JAGUAR,XF,Kullanılmış,0,1,1,1,2,2,0,2,1,0,1,1,12
SALON ARAÇ,JAGUAR,XF,Kullanılmış,0,0,1,0,0,0,0,0,0,0,0,0,1
SALON ARAÇ,JAGUAR,XE,Kullanılmış,0,0,1,0,0,0,0,0,0,0,0,0,1
ESTATE,JAGUAR,F-PACE,Kullanılmış,0,0,1,0,1,0,0,0,0,0,0,0,2
FORK LİFT,JCB,TELESKOPIK,Kullanılmış,0,0,0,0,1,0,0,0,0,0,0,0,1
KAZICI-YÜKLEYİCİ,JCB,3CX,Kullanılmış,0,0,0,0,0,0,1,1,1,0,0,0,3
FORK LİFT,JCB,TELESKOPİK,Kullanılmış,0,0,0,0,0,0,0,0,1,0,0,0,1
ESTATE,JEEP,RENEGADE,Kullanılmış,1,0,3,0,0,2,1,2,2,0,0,0,11
ESTATE,JEEP,GRAND CHEROKEE,Kullanılmış,1,0,2,1,0,0,2,0,0,0,0,0,6
ESTATE,JEEP,WRANGLER SAHARA,Kullanılmış,0,0,1,1,1,1,1,1,1,0,0,2,9
ESTATE,JEEP,RENEGADE,Kullanılmış,0,0,0,0,0,0,0,0,0,1,0,0,1
MOTOSİKLET,JET,JET 14,Kullanılmış,0,0,0,0,1,0,0,0,0,0,0,0,1
MOTOSİKLET,JET,14,Kullanılmış,0,0,0,0,0,1,0,0,0,0,0,0,1
TRAKTÖR,JOHN,DEERE 5092 GV,Kullanılmış,0,0,0,0,1,0,0,0,0,0,0,0,1
TRAKTÖR,JOHN DEERE,6910,Kullanılmış,0,0,1,0,0,0,0,0,0,0,0,0,1
TRAKTÖR,JOHN DEERE,KABİNLİ 6506,Kullanılmış,0,0,0,0,0,0,0,1,0,0,0,0,1
TRAKTÖR,JOHN DEERE,6610 4WD,Kullanılmış,0,0,0,0,0,0,0,0,1,0,0,0,1
TRAKTÖR,JOHN DEERE,6800 4WD,Kullanılmış,0,0,0,0,0,0,0,0,0,0,1,0,1
MOTOSİKLET,KAWASAKI,EN 650 DHFA ABS SPECIAL ED,Kullanılmış,0,0,0,1,0,0,0,0,0,0,0,0,1
SALON ARAÇ,KIA,OPTIMA GT-LINE,Kullanılmış,0,0,0,0,0,1,0,0,0,0,0,0,1
ESTATE,KIA,SPORTAGE,Kullanılmış,0,0,0,0,0,0,0,0,1,0,1,0,2
ROMÖRK,KOGEL,TREYLER,Kullanılmış,0,0,0,0,0,2,0,0,0,0,0,0,2
ROMÖRK,KRONE,KAPALI TENTELİ,Kullanılmış,1,0,0,1,1,0,1,0,0,2,0,0,6
ROMÖRK,KRONE,TENTELİ KAPALI,Kullanılmış,2,0,0,0,0,0,0,0,0,0,0,0,2
ROMÖRK,KRONE,TENTELİ,Kullanılmış,0,0,0,0,0,3,0,0,0,0,0,0,3
ROMÖRK,KRONE,EUROLİNER TREYLER KAPAKI,Kullanılmış,0,0,0,0,0,0,0,0,1,0,0,0,1
ROMÖRK,KRONE,TREYLER KAPALI TREYLER,Kullanılmış,0,0,0,0,0,0,0,0,0,1,0,0,1
MOTOSİKLET,KTM,390 ADVENTURE,Kullanılmış,0,0,0,1,1,0,0,1,0,0,0,0,3
MOTOSİKLET,KTM,790,Kullanılmış,0,0,0,1,0,0,0,0,0,0,0,0,1
MOTOSİKLET,KTM,1290 SUPER DUKE,Kullanılmış,0,0,0,0,1,0,1,0,0,0,0,0,2
MOTOSİKLET,KTM,890 ADVENTURE,Kullanılmış,0,0,0,0,1,0,0,0,0,0,0,0,1
MOTOSİKLET,KTM,1290 SUPERDUKE GT 17,Kullanılmış,0,0,0,0,0,0,0,0,0,0,0,0,0
TRAKTÖR,KUBOTA,A175,Kullanılmış,0,0,1,0,0,0,0,0,0,0,0,0,1
TRAKTÖR,KUBOTA,ASTEA-19,Kullanılmış,0,0,0,0,1,0,0,0,0,0,0,0,1
TRAKTÖR,KUBOTA,L 1500DT BAHÇE,Kullanılmış,0,0,0,0,1,0,0,0,0,0,0,0,1
TRAKTÖR,KUBOTA,TRAKTÖR GL-19,Kullanılmış,0,0,0,0,0,0,1,0,0,0,0,0,1
TRAKTÖR,KUBOTA,L2000 BAHÇE TRAKTÖRÜ,Kullanılmış,0,0,0,0,0,0,0,0,0,0,1,0,1
ROMÖRK,LAG,KAPALI TENTELİ,Kullanılmış,1,0,0,0,0,0,0,0,0,0,0,0,1
ESTATE,LAND ROVER,RANGE ROVER,Kullanılmış,2,0,0,3,2,0,0,3,1,0,0,0,11
ESTATE,LAND ROVER,SPORT,Kullanılmış,1,0,3,0,4,1,0,0,2,2,0,1,14
ESTATE,LAND ROVER,EVOQUE,Kullanılmış,2,3,7,2,8,1,0,0,2,1,0,3,29
ESTATE,LAND ROVER,VELAR,Kullanılmış,7,0,3,2,5,1,0,3,3,1,3,1,29
ESTATE,LAND ROVER,VOGUE,Kullanılmış,0,0,2,0,2,1,0,1,1,1,0,1,9
ESTATE,LAND ROVER,DISCOVERY,Kullanılmış,0,0,1,1,2,0,0,2,0,0,0,0,6
ESTATE,LAND ROVER,A-BIOGRAPHY,Kullanılmış,0,0,0,0,0,1,0,0,0,0,0,0,1
SALON ARAÇ,LAND ROVER,VELAR,Kullanılmış,0,0,0,0,0,0,0,0,0,0,0,0,0
SALON ARAÇ,LEXUS,CT 200H S CVT HATCHBACK,Kullanılmış,0,0,0,0,0,0,0,0,1,0,0,0,1
SALON ARAÇ,LEXUS,JS 200 T,Kullanılmış,0,0,0,0,0,0,0,0,0,1,0,0,1
ESTATE,LİNCOLN,NAVIGATOR,Kullanılmış,0,0,0,0,1,0,0,0,0,0,0,0,1
KAMYON,MAN,KAPALI,Kullanılmış,0,0,1,0,0,0,0,0,0,0,0,0,1
BİRLEŞTİRİLEN ARAÇ,MAN,EUROVI ÇEKİCİ,Kullanılmış,0,0,0,0,0,0,0,1,0,0,0,0,1
ESTATE,MASERATI,LAVANTED D V6,Kullanılmış,0,0,0,1,0,0,0,0,0,1,0,0,2
SALON ARAÇ,MASERATI,GHIBLI,Kullanılmış,0,0,0,1,0,1,0,0,0,0,0,0,2
TRAKTÖR,MASSEY FERGUSON,240,Kullanılmış,2,0,3,1,0,3,0,1,0,0,0,3,13
TRAKTÖR,MASSEY FERGUSON,265,Kullanılmış,1,0,1,0,0,0,0,0,1,0,0,1,4
TRAKTÖR,MASSEY FERGUSON,165,Kullanılmış,1,0,1,0,1,0,0,0,0,0,0,1,4
TRAKTÖR,MASSEY FERGUSON,2615,Kullanılmış,0,1,0,0,0,0,0,0,0,0,0,0,1
TRAKTÖR,MASSEY FERGUSON,390,Kullanılmış,0,1,1,0,0,0,0,0,0,0,0,0,2
TRAKTÖR,MASSEY FERGUSON,690,Kullanılmış,0,0,1,0,0,0,0,0,0,0,0,0,1
TRAKTÖR,MASSEY FERGUSON,5455,Kullanılmış,0,0,1,0,0,0,0,0,0,0,0,0,1
TRAKTÖR,MASSEY FERGUSON,3085,Kullanılmış,0,0,1,0,0,0,0,0,0,0,0,0,1
TRAKTÖR,MASSEY FERGUSON,285,Kullanılmış,0,0,1,1,0,0,0,1,0,2,0,1,6
TRAKTÖR,MASSEY FERGUSON,3300,Kullanılmış,0,0,0,1,0,0,0,0,0,0,0,0,1
TRAKTÖR,MASSEY FERGUSON,698,Kullanılmış,0,0,0,0,1,0,0,1,0,1,0,0,3
TRAKTÖR,MASSEY FERGUSON,3050,Kullanılmış,0,0,0,0,1,0,0,0,0,0,0,0,1
TRAKTÖR,MASSEY FERGUSON,188,Kullanılmış,0,0,0,0,1,1,0,0,0,0,0,1,3
TRAKTÖR,MASSEY FERGUSON,3060,Kullanılmış,0,0,0,0,0,1,0,0,0,0,1,0,2
TRAKTÖR,MASSEY FERGUSON,135,Kullanılmış,0,0,0,0,0,1,0,0,0,1,1,0,3
TRAKTÖR,MASSEY FERGUSON,T 390,Kullanılmış,0,0,0,0,0,0,0,1,0,0,0,0,1
MOTORLU TR (ATV),MAVERICK,X3 UTV,Kullanılmış,0,0,0,0,2,0,0,0,0,0,0,0,2
SALON ARAÇ,MAZDA,DEMİO,Kullanılmış,48,4,53,39,64,55,42,42,53,42,35,23,500
SALON ARAÇ,MAZDA,AXELA,Kullanılmış,18,7,9,9,18,7,5,8,14,8,0,0,103
SALON ARAÇ,MAZDA,BIANTE,Kullanılmış,1,0,0,1,0,0,0,1,0,1,0,0,4
SALON ARAÇ,MAZDA,CX3,Kullanılmış,1,1,6,2,13,4,4,7,5,4,0,0,47
KAMYONET,MAZDA,SCRUM TRUCK,Kullanılmış,0,0,1,0,0,0,0,0,0,1,0,0,2
KAMYONET,MAZDA,BONGO,Kullanılmış,0,0,1,1,0,0,0,1,0,0,0,0,3
SALON ARAÇ,MAZDA,3,Kullanılmış,0,0,1,0,0,0,0,0,0,1,0,0,2
SALON ARAÇ,MAZDA,CAROL,Kullanılmış,0,0,1,0,1,0,0,1,1,0,0,1,5
SALON ARAÇ,MAZDA,PREMACY,Kullanılmış,0,0,0,2,0,1,0,0,1,0,0,1,5
ESTATE,MAZDA,CX-5,Kullanılmış,0,0,0,1,2,1,1,0,0,0,0,0,5
SALON ARAÇ,MAZDA,ATENZA,Kullanılmış,0,0,0,0,2,0,1,0,0,0,0,0,3
SALON ARAÇ,MAZDA,2 HATCBACK,Kullanılmış,0,0,0,0,1,0,0,0,0,0,0,0,1
ESTATE,MAZDA,FAMILIA,Kullanılmış,0,0,0,0,1,0,1,0,1,0,1,0,4
SALON ARAÇ,MAZDA,CX-5,Kullanılmış,0,0,0,0,0,0,0,0,0,2,0,0,2
ESTATE,MAZDA,PREMACY,Kullanılmış,0,0,0,0,0,0,0,0,0,1,0,0,1
SALON ARAÇ,MAZDA,6 SPORT NAV D AUTO,Kullanılmış,0,0,0,0,0,0,0,0,0,1,0,0,1
KAMYONET,MAZDA,BONGO TRUCK BUZLUKLU,Kullanılmış,0,0,0,0,0,0,0,0,0,0,1,0,1
SALON ARAÇ,MAZDA,CX-3,Kullanılmış,0,0,0,0,0,0,0,0,0,0,6,4,10
SALON ARAÇ,MAZDA,AXELLA,Kullanılmış,0,0,0,0,0,0,0,0,0,0,11,7,18
SALON ARAÇ,MAZDA,6 SE-L,Kullanılmış,0,0,0,0,0,0,0,0,0,0,1,0,1
SALON ARAÇ,MERCEDES,C-SERİES,Kullanılmış,9,8,15,18,44,20,13,16,22,9,13,6,193
ESTATE,MERCEDES,GLE,Kullanılmış,13,2,15,7,16,8,5,8,7,4,5,5,95
SALON ARAÇ,MERCEDES,CLA,Kullanılmış,1,0,1,3,2,3,2,1,4,2,2,3,24
ESTATE,MERCEDES,GLA,Kullanılmış,2,0,1,2,1,5,0,0,1,3,0,1,16
SALON ARAÇ,MERCEDES,E-SERİES,Kullanılmış,30,20,52,39,75,32,23,23,33,33,28,26,414
PANELVAN,MERCEDES,SPRİNTER,Kullanılmış,9,1,11,3,14,9,1,9,7,7,3,2,76
SALON ARAÇ,MERCEDES,S-SERİES,Kullanılmış,3,1,1,0,2,2,1,8,6,2,2,0,28
ESTATE,MERCEDES,GLC,Kullanılmış,1,3,5,5,13,9,1,4,6,7,3,2,59
SALON ARAÇ,MERCEDES,A-SERİES,Kullanılmış,4,4,10,2,9,2,2,4,4,3,4,2,50
KAMYON,MERCEDES,BETON MİXER,Kullanılmış,1,0,0,0,0,0,0,0,0,0,0,0,1
KAMYONET,MERCEDES,CITAN,Kullanılmış,1,1,0,1,1,1,1,0,0,1,1,0,8
SALON ARAÇ,MERCEDES,CLS,Kullanılmış,1,0,4,0,2,1,2,2,0,0,0,1,13
KAMYONET,MERCEDES,VİTO,Kullanılmış,3,0,0,0,1,0,0,0,1,1,0,1,7
SALON ARAÇ,MERCEDES,B-SERİES,Kullanılmış,1,0,2,1,1,0,2,3,3,1,1,1,16
ESTATE,MERCEDES,GLS,Kullanılmış,1,0,0,0,1,0,0,0,0,0,0,1,3
KAMYON,MERCEDES,ATEGO,Kullanılmış,3,2,1,3,3,3,1,0,0,0,1,2,19
BİRLEŞTİRİLEN ARAÇ,MERCEDES,ÇEKİCİ,Kullanılmış,2,0,0,0,4,0,0,0,0,0,0,0,6
PANELVAN,MERCEDES,VİTO,Kullanılmış,0,1,1,0,0,0,1,1,0,0,0,0,4
KAMYON,MERCEDES,ÇÖP KAMYONU,Kullanılmış,0,0,1,0,0,1,0,0,0,0,0,0,2
SALON ARAÇ,MERCEDES,SLC,Kullanılmış,0,0,1,0,0,0,1,0,0,0,0,0,2
ESTATE,MERCEDES,V-SERİES,Kullanılmış,0,0,1,0,2,0,1,0,0,1,0,1,6
SALON ARAÇ,MERCEDES,SLK,Kullanılmış,0,0,0,0,0,0,0,0,0,0,0,0,0
SALON ARAÇ,MERCEDES,ML-SERİES,Kullanılmış,0,0,0,2,0,0,0,0,0,0,0,0,2
OTOBÜS,MERCEDES,V-SERİES,Kullanılmış,0,0,0,0,1,0,0,0,0,0,0,0,1
SALON ARAÇ,MERCEDES,SL-SERİES,Kullanılmış,0,0,0,0,1,0,0,0,0,0,0,0,1
KAMYON,MERCEDES,ATEGO,Kullanılmış,0,0,0,0,0,0,4,0,1,1,0,0,6
KAMYON,MERCEDES,DÜZ KASA,Kullanılmış,0,0,0,0,0,0,0,1,0,0,0,0,1
KAMYON,MERCEDES,KENDİNDEN YÜKLEYİCİ,Kullanılmış,0,0,0,0,0,0,0,1,0,0,0,1,2
KAMYON,MERCEDES,KAPALI YANLARI TENTELİ,Kullanılmış,0,0,0,0,0,0,0,0,0,0,0,0,0
KAMYON,MERCEDES,BUZLUKLU KAMYON,Kullanılmış,0,0,0,0,0,0,0,1,0,0,0,0,1
KAMYON,MERCEDES,ARKASI KAPALI,Kullanılmış,0,0,0,0,0,0,0,1,0,0,0,0,1
KAMYON,MERCEDES,KAPALI KASA BUZLUKLU,Kullanılmış,0,0,0,0,0,0,0,0,0,0,0,0,0
PANELVAN,MERCEDES,CITAN,Kullanılmış,0,0,0,0,0,0,0,0,2,0,0,0,2
OTOBÜS,MERCEDES,VIANO,Kullanılmış,0,0,0,0,0,0,0,0,1,0,0,0,1
KAMYON,MERCEDES,ARAÇ TAŞIYICI,Kullanılmış,0,0,0,0,0,0,0,0,1,0,0,0,1
KAMYON,MERCEDES,BOX KAPALI,Kullanılmış,0,0,0,0,0,0,0,0,1,0,0,0,1
ESTATE,MERCEDES,VİTO,Kullanılmış,0,0,0,0,0,0,0,0,1,0,0,0,1
ESTATE,MERCEDES,M-SERİES,Kullanılmış,0,0,0,0,0,0,0,0,1,0,0,0,1
KAMYON,MERCEDES,KAPALI BOX,Kullanılmış,0,0,0,0,0,0,0,1,2,1,0,0,4
BİRLEŞTİRİLEN ARAÇ,MERCEDES,ÇEKİCİ ARAÇ,Kullanılmış,0,0,0,0,0,0,0,0,0,1,0,0,1
KAMYON,MERCEDES,BUZLUKLU,Kullanılmış,0,0,0,0,0,0,0,0,0,1,1,0,2
KAMYON,MERCEDES,KAPALI KASA,Kullanılmış,0,0,0,0,0,0,0,0,0,0,0,0,0
SALON ARAÇ,MERCEDES,B180,Kullanılmış,0,0,0,0,0,0,0,0,0,0,0,0,0
SALON ARAÇ,MERCEDES,GLC,Kullanılmış,0,0,0,0,0,0,0,0,0,0,0,0,0
BİRLEŞTİRİLEN ARAÇ,MERCEDES,AXOR,Kullanılmış,0,0,0,0,0,0,0,0,0,0,1,0,1
SALON ARAÇ,MERCEDES,A 200 AMG LINE AUTO,Kullanılmış,0,0,0,0,0,0,0,0,0,0,0,0,0
ÇİFT KABİN,MERCEDES,X250D AUTO,Kullanılmış,0,0,0,0,0,0,0,0,0,0,1,0,1
SALON ARAÇ,MERCEDES,GLE,Kullanılmış,0,0,0,0,0,0,0,0,0,0,0,0,0
KAMYON,MERCEDES,SPRİNTER,Kullanılmış,0,0,0,0,0,0,0,0,0,0,0,1,1
KAMYON,MERCEDES,TIPPER,Kullanılmış,0,0,0,0,0,0,0,0,0,0,0,0,0
KAMYONET,MERCEDES,VITO,Kullanılmış,0,0,0,0,0,0,0,0,0,0,0,0,0
SALON ARAÇ,MERCEDES,GLA,Kullanılmış,0,0,0,0,0,0,0,0,0,0,0,0,0
ESTATE,MERCEDES,GLS 400 D,Kullanılmış,0,0,0,0,0,0,0,0,0,0,0,0,0
SALON ARAÇ,MINI,COOPER,Kullanılmış,1,0,0,0,0,0,0,1,1,1,2,0,6
SALON ARAÇ,MINI,ONE,Kullanılmış,0,0,0,1,0,0,0,0,0,0,1,0,2
ESTATE,MINI,CROSSOVER,Kullanılmış,0,0,0,0,0,1,0,0,0,0,0,0,1
ÇİFT KABİN,MİTSUBISHI,L200,Kullanılmış,10,3,17,14,16,16,6,13,14,12,8,7,136
SALON ARAÇ,MİTSUBISHI,MİRAGE,Kullanılmış,4,0,3,1,4,1,0,0,2,4,2,1,22
ESTATE,MİTSUBISHI,OUTLANDER,Kullanılmış,1,0,0,0,0,0,0,0,0,0,0,1,2
SALON ARAÇ,MİTSUBISHI,ASX,Kullanılmış,1,0,1,0,3,0,0,0,0,0,1,0,6
SALON ARAÇ,MİTSUBISHI,ECLIPSE CROSS,Kullanılmış,2,0,1,0,3,0,1,1,0,0,0,0,8
SALON ARAÇ,MİTSUBISHI,ATTRAGE 1.2 CVT,Kullanılmış,0,0,1,0,0,0,0,0,0,0,0,0,1
KAMYON,MİTSUBISHI,CANTER,Kullanılmış,0,0,0,2,1,0,0,1,1,0,0,0,5
KAMYON,MİTSUBISHI,FUSO CANTER 7C15 34 BUZL,UKullanılmış,0,0,0,0,1,0,0,0,2,1,0,0,4
TRAKTÖR,MİTSUBISHI,MT165,Kullanılmış,0,0,0,0,1,0,0,0,0,0,0,0,1
ESTATE,MİTSUBISHI,PAJERO,Kullanılmış,0,0,0,0,1,0,0,0,0,0,0,0,1
ESTATE,MİTSUBISHI,ASX,Kullanılmış,0,0,0,0,0,1,1,1,0,0,0,0,3
SALON ARAÇ,MİTSUBISHI,RVR,Kullanılmış,0,0,0,0,0,1,0,0,0,0,1,0,2
ÇİFT KABİN,MİTSUBISHI,CANTER,Kullanılmış,0,0,0,0,0,0,0,0,0,0,0,0,0
KAMYON,MİTSUBISHI,CANTER,Kullanılmış,0,0,0,0,0,0,0,0,0,0,0,0,0
ESTATE,MİTSUBISHI,ECLIPSE CROSS,Kullanılmış,0,0,0,0,0,0,0,0,1,0,0,0,1
SALON ARAÇ,MİTSUBISHI,LANCER,Kullanılmış,0,0,0,0,0,0,0,0,1,0,0,0,1
SALON ARAÇ,MİTSUBISHI,OUTLANDER,Kullanılmış,0,0,0,0,0,0,0,0,0,1,0,0,1
SALON ARAÇ,MİTSUBISHI,EK VAGON,Kullanılmış,0,0,0,0,0,0,0,0,0,1,0,0,1
KAMYONET,MİTSUBISHI,TRUCK,Kullanılmış,0,0,0,0,0,0,0,0,0,0,1,0,1
ESTATE,MİTSUBISHI,RVR,Kullanılmış,0,0,0,0,0,0,0,0,0,0,1,0,1
ESTATE,MİTSUBISHI,DELICA,Kullanılmış,0,0,0,0,0,0,0,0,0,0,1,0,1
KAMYON,MİTSUBISHI,YAKIT TANKERİ,Kullanılmış,0,0,0,0,0,0,0,0,0,0,0,1,1
MOTOSİKLET,MONDİAL,150X,Kullanılmış,0,0,0,1,0,0,0,0,0,0,0,0,1
MOTOSİKLET,MONDİAL,100 SFC SNAPPY,Kullanılmış,0,0,0,0,0,0,0,1,0,0,0,0,1
KAZICI-YÜKLEYİCİ,MST,544 PLUS,Kullanılmış,0,0,1,0,0,0,0,0,0,0,0,0,1
TRAKTÖR,NEW HOLLAND,TD10,Kullanılmış,0,0,0,0,0,0,1,0,0,0,0,0,1
TRAKTÖR,NEW HOLLAND,TT55,Kullanılmış,0,0,0,0,0,0,1,0,0,0,0,1,2
SALON ARAÇ,NİSSAN,NOTE,Kullanılmış,29,10,50,41,47,31,24,41,50,41,38,29,431
SALON ARAÇ,NİSSAN,MARCH,Kullanılmış,13,10,17,12,11,7,7,18,20,22,18,6,161
SALON ARAÇ,NİSSAN,LATİO,Kullanılmış,1,1,0,1,1,2,4,0,0,1,0,0,11
SALON ARAÇ,NİSSAN,SERENA,Kullanılmış,1,0,0,1,2,0,0,0,0,2,0,1,7
ÇİFT KABİN,NİSSAN,NAVARA,Kullanılmış,3,0,3,2,7,1,0,0,5,3,5,2,31
ESTATE,NİSSAN,QASHQAI,Kullanılmış,2,2,4,5,5,6,4,2,3,2,3,1,39
PANELVAN,NİSSAN,NV200,Kullanılmış,6,4,8,9,15,4,4,3,7,8,6,2,76
ESTATE,NİSSAN,AD,Kullanılmış,2,0,4,2,2,0,1,2,1,2,0,0,16
SALON ARAÇ,NİSSAN,JUKE,Kullanılmış,3,1,1,0,0,1,2,2,5,1,0,2,18
SALON ARAÇ,NİSSAN,LEAF,Kullanılmış,1,0,1,1,1,1,0,0,1,5,1,0,12
ESTATE,NİSSAN,X-TRAIL,Kullanılmış,1,0,1,0,2,2,1,3,3,2,2,1,18
ESTATE,NİSSAN,VANETTE,Kullanılmış,0,1,0,0,3,0,1,1,1,0,2,0,9
SALON ARAÇ,NİSSAN,CUBE,Kullanılmış,0,0,2,0,1,1,1,1,2,0,0,1,9
ESTATE,NİSSAN,SERENA,Kullanılmış,0,0,1,0,4,0,2,2,0,1,0,0,10
KAMYONET,NİSSAN,CLIPPER,Kullanılmış,0,0,1,0,1,0,0,0,0,0,0,0,2
FORK LİFT,NİSSAN,FORKLIFT,Kullanılmış,0,0,0,1,0,0,0,0,0,0,0,0,1
SALON ARAÇ,NİSSAN,VANETTE,Kullanılmış,0,0,0,0,0,0,0,0,0,0,0,0,0
PANELVAN,NİSSAN,CLIPPER,Kullanılmış,0,0,0,0,1,0,0,0,0,0,1,0,2
ÇİFT KABİN,NİSSAN,NV300,Kullanılmış,0,0,0,0,1,0,0,0,0,0,1,0,2
KAMYONET,NİSSAN,VANETTE,Kullanılmış,0,0,0,0,0,0,0,0,0,0,0,0,0
SALON ARAÇ,NİSSAN,GT-R,Kullanılmış,0,0,0,0,0,0,0,1,0,0,0,0,1
SALON ARAÇ,NİSSAN,QASHQAI,Kullanılmış,0,0,0,0,0,0,0,0,0,0,0,0,0
ESTATE,NİSSAN,NV 150,Kullanılmış,0,0,0,0,0,0,0,0,1,0,0,0,1
SALON ARAÇ,NİSSAN,FİGARO,Kullanılmış,0,0,0,0,0,0,0,0,0,1,0,0,1
ESTATE,NİSSAN,NV 150,Kullanılmış,0,0,0,0,0,0,0,0,0,1,0,0,1
PANELVAN,NİSSAN,NV200,Kullanılmış,0,0,0,0,0,0,0,0,0,0,0,0,0
PANELVAN,NİSSAN,NV 400,Kullanılmış,0,0,0,0,0,0,0,0,0,0,1,0,1
KAMYONET,NİSSAN,NT100,Kullanılmış,0,0,0,0,0,0,0,0,0,0,0,1,1
KAMYONET,OPEL,COMBO,Kullanılmış,0,0,0,0,1,0,0,0,0,0,0,0,1
SALON ARAÇ,PEUGEOT,3008,Kullanılmış,1,0,0,0,0,0,0,0,0,0,0,0,1
SALON ARAÇ,PEUGEOT,2008,Kullanılmış,1,0,0,0,0,0,0,0,0,0,1,0,2
SALON ARAÇ,PEUGEOT,308,Kullanılmış,0,0,0,1,0,0,0,0,0,0,0,0,1
PANELVAN,PEUGEOT,BIPPER,Kullanılmış,0,0,0,0,1,0,0,0,1,0,0,0,2
SALON ARAÇ,PEUGEOT,208 AUTO,Kullanılmış,0,0,0,0,0,0,0,0,1,0,0,0,1
Motobisiklet,PEUGEOT,KISBEE 50 4T,Kullanılmış,0,0,0,0,0,0,0,0,1,0,0,0,1
MOTOSİKLET,PIAGGIO,MP 3,Kullanılmış,0,0,0,0,1,0,0,0,0,0,0,0,1
MOTORLU TR (ATV),POLARIS,SPORTSMAN,Kullanılmış,0,0,0,0,1,0,0,0,0,0,0,0,1
MOTORLU TR (UTV),POLARIS,RZR XP 4 UTV,Kullanılmış,0,0,0,0,0,0,0,0,0,0,0,1,1
SALON ARAÇ,PORSCHE,PANAMERA,Kullanılmış,1,0,2,0,0,1,0,0,0,1,1,0,6
ESTATE,PORSCHE,CAYENNE,Kullanılmış,1,0,1,0,0,1,0,0,0,0,1,0,4
SALON ARAÇ,PORSCHE,911,Kullanılmış,0,0,0,0,0,0,0,0,0,0,0,0,0
SALON ARAÇ,PORSCHE,CAYMAN,Kullanılmış,0,0,0,1,0,1,0,0,0,0,0,0,2
ESTATE,PORSCHE,MACAN,Kullanılmış,0,0,0,0,3,0,0,0,0,1,0,0,4
SALON ARAÇ,PORSCHE,TAYCAN,Kullanılmış,0,0,0,0,0,0,0,1,0,0,0,0,1
SALON ARAÇ,PORSCHE,718 BOXSTER S-A,Kullanılmış,0,0,0,0,0,0,0,0,0,0,0,1,1
MOTORLU TR (ATV),QUADZILLA,300L,Kullanılmış,0,0,1,0,0,0,0,0,0,0,0,0,1
MOTORLU TR (ATV),QUADZILLA,CVT 320 E,Kullanılmış,0,0,0,0,0,0,0,1,0,0,0,0,1
Motobisiklet,RAMZEY,MOPED,Kullanılmış,0,0,0,0,0,3,0,0,0,0,0,0,3
MOTOSİKLET,RAMZEY,STAR 125,Kullanılmış,0,0,0,0,0,1,0,0,0,0,0,0,1
BİRLEŞTİRİLEN ARAÇ,RENAULT,ÇEKİCİ,Kullanılmış,2,2,0,0,4,1,0,1,0,1,2,2,15
SALON ARAÇ,RENAULT,MEGANE,Kullanılmış,0,0,3,0,0,3,0,0,0,3,0,0,9
ESTATE,RENAULT,KADJAR,Kullanılmış,0,0,1,0,0,0,0,0,0,0,0,0,1
PANELVAN,RENAULT,KANGOO,Kullanılmış,0,0,2,0,3,0,0,0,2,1,1,0,9
ESTATE,RENAULT,SCENIC,Kullanılmış,0,0,0,1,0,0,0,0,0,0,0,0,1
KAMYONET,RENAULT,TRAFIC,Kullanılmış,0,0,0,1,0,1,0,0,0,0,1,0,3
SALON ARAÇ,RENAULT,KADJAR,Kullanılmış,0,0,0,1,0,2,1,1,1,0,1,0,7
KAMYON,RENAULT,KENDİNİ YÜKLEYİCİ,Kullanılmış,0,0,0,1,0,0,0,0,0,0,0,0,1
SALON ARAÇ,RENAULT,CAPTUR DYNAMIQUE,Kullanılmış,0,0,0,0,1,0,0,0,0,0,0,0,1
SALON ARAÇ,RENAULT,CLIO,Kullanılmış,0,0,0,0,1,0,0,0,0,0,0,0,1
ESTATE,RENAULT,KADJAR,Kullanılmış,0,0,0,0,1,0,0,2,0,0,0,0,3
SALON ARAÇ,RENAULT,LUITECIA,Kullanılmış,0,0,0,0,0,1,1,2,1,0,0,0,5
PANELVAN,RENAULT,MASTER LM35,Kullanılmış,0,0,0,0,0,0,0,0,0,1,0,0,1
KAMYON,RENAULT,BETON MİKSERİ,Kullanılmış,0,0,0,0,0,0,0,0,0,0,1,0,1
MOTOSİKLET,RUNNER,SP125,Kullanılmış,0,0,0,0,0,0,0,1,0,0,0,0,1
ROMÖRK,SAMRO,TREYLER,Kullanılmış,0,1,0,0,0,0,0,0,0,0,0,0,1
KAMYON,SCANIA,SÜT TANKERİ,Kullanılmış,0,0,0,0,1,0,0,0,0,0,0,0,1
KAMYON,SCANIA,BUZLUKLU KAMYON,Kullanılmış,0,0,0,0,0,0,0,0,0,1,0,0,1
KAMYON,SCANIA,TIPPER,Kullanılmış,0,0,0,0,0,0,0,0,0,0,0,0,0
BİRLEŞTİRİLEN ARAÇ,SCANIA,ÇEKİCİ,Kullanılmış,0,0,0,0,0,0,0,0,0,0,1,0,1
ROMÖRK,SCHMITZ,KAPALI TENTELİ,Kullanılmış,3,1,0,0,0,0,0,2,0,0,0,0,6
ROMÖRK,SCHMITZ,BUZLUKLU,Kullanılmış,1,0,1,0,0,0,0,0,0,0,0,0,2
ROMÖRK,SCHMITZ,TRI AXLE BUZLUKLU,Kullanılmış,1,0,0,0,0,0,0,0,0,0,0,0,1
ROMÖRK,SCHMITZ,CURTAİNSİDER,Kullanılmış,0,1,0,0,0,1,0,0,0,0,0,0,2
ROMÖRK,SCHMITZ,TENTELİ KAPALI,Kullanılmış,0,0,1,0,1,0,1,0,0,0,0,0,3
ROMÖRK,SCHMITZ,TREYLER,Kullanılmış,0,0,0,0,0,1,0,0,0,0,0,0,1
ROMÖRK,SCHMITZ,TREYLER KAPALI TENTELİ,Kullanılmış,0,0,0,0,0,0,0,0,1,0,0,1,2
ROMÖRK,SCHMITZ,MEGA TREYLER TENTELİ,Kullanılmış,0,0,0,0,0,0,0,0,0,1,0,0,1
ROMÖRK,SCHMITZ,TREYLER TENTELİ KAPALI,Kullanılmış,0,0,0,0,0,0,0,0,0,1,2,2,5
ROMÖRK,SCHMITZ,CARGO BULL-KAPALI TENTELİ,Kullanılmış,0,0,0,0,0,0,0,0,0,0,1,0,1
ROMÖRK,SCHMITZ,TREYLER TENTELİ,Kullanılmış,0,0,0,0,0,0,0,0,0,0,0,1,1
ROMÖRK,SCHWARZMULLER,TENTELİ KAPALI,Kullanılmış,0,0,0,0,0,0,1,0,0,0,0,0,1
ROMÖRK,SDC,HOLDEX TENTELİ KAPALI TRE,YKullanılmış,2,0,0,0,0,0,0,0,0,0,0,0,2
ROMÖRK,SDC,MEGALINER,Kullanılmış,0,0,0,0,1,0,0,0,0,0,0,0,1
ROMÖRK,SDC,LOWBED TRAİLER ARAÇ TAŞI,Y Kullanılmış,0,0,0,0,0,0,0,0,0,1,0,0,1
ROMÖRK,SDC,TREYLER DÜZ KASA,Kullanılmış,0,0,0,0,0,0,0,0,0,0,0,1,1
YEŞİL OT BİÇER,SHELBOURNE SR2000,SR2000 OT BİÇME KOMBAYI,Kullanılmış,0,0,1,0,0,0,0,0,0,0,0,0,1
TRAKTÖR,SHIBAURA,P21F BAHÇE TRAKTÖRÜ,Kullanılmış,0,0,0,0,0,0,0,1,0,0,0,0,1
SALON ARAÇ,SKODA,FABIA MONTE CARLO TDI,Kullanılmış,0,0,0,0,0,0,0,0,0,0,1,0,1
MOTOSİKLET,SKYTEAM,ST125,Kullanılmış,0,0,0,0,0,0,0,0,0,1,0,0,1
SALON ARAÇ,SMART,FOR FOUR,Kullanılmış,1,0,1,0,1,1,0,0,0,1,0,0,5
SALON ARAÇ,SMART,FORTWO,Kullanılmış,0,0,0,4,0,0,0,0,0,0,0,1,5
SALON ARAÇ,SMART,FORFOUR,Kullanılmış,0,0,0,0,0,0,2,0,0,0,0,0,2
SALON ARAÇ,SMART,FORTWO PASSION,Kullanılmış,0,0,0,0,0,0,0,0,0,0,1,0,1
SALON ARAÇ,SUBARU,WRX STI TYPE UK SYMETRİCA,Kullanılmış,0,0,0,0,1,0,0,0,0,0,0,0,1
KAMYONET,SUBARU,SAMBAR BUZLUKLU,Kullanılmış,0,0,0,0,1,0,0,0,0,0,0,0,1
SALON ARAÇ,SUBARU,İMPREZA,Kullanılmış,0,0,0,0,0,0,1,0,0,0,0,0,1
SALON ARAÇ,SUBARU,PLEO PLUS,Kullanılmış,0,0,0,0,0,0,0,1,0,0,0,0,1
SALON ARAÇ,SUZUKI,ALTO,Kullanılmış,19,5,9,8,15,16,3,16,21,20,7,8,147
SALON ARAÇ,SUZUKI,SWIFT,Kullanılmış,34,11,29,30,31,33,19,25,57,35,28,24,356
KAMYONET,SUZUKI,CARYY,Kullanılmış,1,0,0,0,3,1,0,0,1,0,1,0,7
ESTATE,SUZUKI,JIMNY,Kullanılmış,1,0,0,0,0,0,0,1,0,0,0,0,2
SALON ARAÇ,SUZUKI,IGNIS,Kullanılmış,1,0,0,0,0,0,0,0,0,1,0,0,2
MOTOSİKLET,SUZUKI,V-STROM,Kullanılmış,0,1,0,0,0,0,0,0,0,0,0,0,1
MOTOSİKLET,SUZUKI,ADRESS,Kullanılmış,0,1,1,2,4,2,1,1,1,0,0,0,13
SALON ARAÇ,SUZUKI,SX4,Kullanılmış,0,1,0,0,0,0,0,1,0,0,0,1,3
SALON ARAÇ,SUZUKI,DBAZC83S,Kullanılmış,0,0,1,0,0,0,0,0,0,0,0,0,1
ESTATE,SUZUKI,ESCUDO,Kullanılmış,0,0,1,1,2,3,0,2,0,0,0,2,11
ESTATE,SUZUKI,VITARA,Kullanılmış,0,0,1,0,1,0,0,0,0,0,0,0,2
Motobisiklet,SUZUKI,LETS,Kullanılmış,0,0,1,1,1,0,0,0,0,1,0,0,4
SALON ARAÇ,SUZUKI,SOLIO,Kullanılmış,0,0,0,1,1,1,0,0,2,1,1,1,8
MOTOSİKLET,SUZUKI,FB50,Kullanılmış,0,0,0,1,0,0,1,0,0,0,0,0,2
Motobisiklet,SUZUKI,BIRDIE,Kullanılmış,0,0,0,1,2,1,0,0,1,0,0,0,5
Motobisiklet,SUZUKI,FB50,Kullanılmış,0,0,0,2,1,0,2,1,1,0,0,0,7
SALON ARAÇ,SUZUKI,BALENO,Kullanılmış,0,0,0,1,0,1,0,0,1,1,0,0,4
SALON ARAÇ,SUZUKI,EVERY,Kullanılmış,0,0,0,0,1,0,0,0,0,0,0,0,1
MOTOSİKLET,SUZUKI,SKYWAVE 400,Kullanılmış,0,0,0,0,1,0,0,0,0,0,0,0,1
MOTOSİKLET,SUZUKI,FB 80,Kullanılmış,0,0,0,0,1,0,1,1,0,0,0,0,3
MOTOSİKLET,SUZUKI,DL650X A,Kullanılmış,0,0,0,0,0,0,0,0,1,0,0,0,1
SALON ARAÇ,SUZUKI,ESCUDO,Kullanılmış,0,0,0,0,0,0,0,0,2,0,1,1,4
MOTOSİKLET,SUZUKI,GN125,Kullanılmış,0,0,0,0,0,0,0,0,1,0,0,0,1
SALON ARAÇ,SUZUKI,VITARA,Kullanılmış,0,0,0,0,0,0,0,0,1,0,0,0,1
KAMYONET,SUZUKI,TRUCK CARRY ARKASI AÇIK,Kullanılmış,0,0,0,0,0,0,0,0,0,1,0,0,1
SALON ARAÇ,SUZUKI,WAGON R,Kullanılmış,0,0,0,0,0,0,0,0,0,0,1,0,1
MOTOSİKLET,SYM,JET 14,Kullanılmış,0,0,0,1,0,0,0,0,2,0,0,0,3
ROMÖRK,ŞAHİN,YARI ROMÖRK - LOWBED,Kullanılmış,0,0,0,0,0,0,0,0,1,0,0,0,1
KAZICI-YÜKLEYİCİ,TEREX,FERMEC,Kullanılmış,0,0,0,0,0,0,1,0,0,0,0,0,1
SALON ARAÇ,TESLA,S PERFORM HATCHBACK,Kullanılmış,0,0,0,0,1,0,0,0,0,0,0,0,1
SALON ARAÇ,TESLA,MODEL X P100D,Kullanılmış,0,0,0,0,1,0,0,0,0,0,0,0,1
OTOBÜS,TOYOTA,COASTER,Kullanılmış,2,0,0,0,0,0,0,0,0,0,0,0,2
SALON ARAÇ,TOYOTA,C-HR,Kullanılmış,5,2,3,2,6,0,0,2,2,4,3,3,32
SALON ARAÇ,TOYOTA,COROLLA,Kullanılmış,10,2,13,7,6,5,0,6,5,5,3,6,68
SALON ARAÇ,TOYOTA,AURİS,Kullanılmış,12,2,13,5,11,9,9,14,18,11,5,1,110
SALON ARAÇ,TOYOTA,VITZ,Kullanılmış,36,7,49,29,41,35,17,25,60,32,31,16,378
SALON ARAÇ,TOYOTA,SİENTA,Kullanılmış,3,0,1,3,3,2,1,5,2,0,2,2,24
SALON ARAÇ,TOYOTA,AQUA,Kullanılmış,1,0,0,1,1,1,0,1,0,0,0,0,5
SALON ARAÇ,TOYOTA,SUCCEED,Kullanılmış,2,0,0,0,1,0,0,0,0,0,0,0,3
SALON ARAÇ,TOYOTA,PASSO,Kullanılmış,1,0,0,1,1,0,0,2,1,0,1,0,7
SALON ARAÇ,TOYOTA,AYGO,Kullanılmış,1,0,0,0,0,0,0,0,0,0,0,0,1
SALON ARAÇ,TOYOTA,RUSH,Kullanılmış,1,0,0,0,3,1,0,0,0,0,1,0,6
ÇİFT KABİN,TOYOTA,HILUX,Kullanılmış,0,2,8,5,6,6,2,5,3,3,1,1,42
SALON ARAÇ,TOYOTA,LEXUS,Kullanılmış,0,1,0,0,0,0,0,0,0,0,0,0,1
ÇİFT KABİN,TOYOTA,DYNA,Kullanılmış,0,0,1,0,0,0,0,0,0,0,0,0,1
ESTATE,TOYOTA,LAND CRUISER,Kullanılmış,0,0,1,0,4,1,0,1,0,0,1,1,9
SALON ARAÇ,TOYOTA,HARRIER,Kullanılmış,0,0,1,1,0,0,0,0,0,0,0,0,2
SALON ARAÇ,TOYOTA,RACTIS,Kullanılmış,0,0,2,1,1,0,0,0,1,0,1,0,6
ESTATE,TOYOTA,PROBOX,Kullanılmış,0,0,1,1,1,1,0,5,0,0,1,0,10
SALON ARAÇ,TOYOTA,IQ,Kullanılmış,0,0,1,0,1,0,0,0,0,0,0,0,2
ESTATE,TOYOTA,RAV4,Kullanılmış,0,0,0,0,2,0,0,0,0,0,0,0,2
ÇİFT KABİN,TOYOTA,TUNDRA,Kullanılmış,0,0,0,0,1,0,0,0,0,0,0,0,1
SALON ARAÇ,TOYOTA,PRIUS,Kullanılmış,0,0,0,0,1,0,0,0,0,0,0,0,1
SALON ARAÇ,TOYOTA,RAIZE,Kullanılmış,0,0,0,0,0,1,0,0,0,0,0,0,1
KAMYONET,TOYOTA,TOWNACE,Kullanılmış,0,0,0,0,0,1,0,0,1,0,0,0,2
ESTATE,TOYOTA,HARRIER,Kullanılmış,0,0,0,0,0,1,0,0,0,0,0,0,1
SALON ARAÇ,TOYOTA,YARİS,Kullanılmış,0,0,0,0,0,1,0,0,0,0,0,0,1
KAMYONET,TOYOTA,LITEACE,Kullanılmış,0,0,0,0,0,1,0,0,0,0,0,0,1
SALON ARAÇ,TOYOTA,BB,Kullanılmış,0,0,0,0,0,0,1,0,0,0,0,0,1
SALON ARAÇ,TOYOTA,ISIS,Kullanılmış,0,0,0,0,0,0,0,1,0,0,0,0,1
ESTATE,TOYOTA,HIGHLANDER EXCEL PREM,Kullanılmış,0,0,0,0,0,0,0,0,1,0,0,0,1
SALON ARAÇ,TOYOTA,AXIO,Kullanılmış,0,0,0,0,0,0,0,0,0,1,2,2,5
SALON ARAÇ,TOYOTA,PROBOX,Kullanılmış,0,0,0,0,0,0,0,0,0,0,1,0,1
KAMYONET,TOYOTA,PIXLS - ARKASI AÇIK,Kullanılmış,0,0,0,0,0,0,0,0,0,0,1,0,1
SALON ARAÇ,TOYOTA,RAV4,Kullanılmış,0,0,0,0,0,0,0,0,0,0,0,2,2
TRAKTÖR,TÜMOSAN,8085,Kullanılmış,0,0,0,0,0,1,0,0,0,0,0,0,1
MOTOSİKLET,TVS,NTORQ125 RACE,Kullanılmış,0,0,0,0,0,0,0,2,0,0,0,0,2
MOTOSİKLET,TVS,XL100HD,Kullanılmış,0,0,0,0,0,0,0,1,0,0,0,0,1
MOTORLU TR (ATV),TWELVE,149,Kullanılmış,0,0,0,0,0,1,0,0,0,0,0,0,1
KAMYONET,VAUXHALL,COMBO,Kullanılmış,2,1,2,2,1,2,3,1,2,3,1,0,20
SALON ARAÇ,VAUXHALL,INSIGNIA,Kullanılmış,3,0,1,0,10,3,2,0,2,1,0,1,23
SALON ARAÇ,VAUXHALL,ASTRA,Kullanılmış,0,0,1,0,1,1,1,0,2,0,0,0,6
PANELVAN,VAUXHALL,COMBO,Kullanılmış,0,0,0,0,1,0,0,0,0,0,0,1,2
KAMYONET,VAUXHALL,CORSA,Kullanılmış,0,0,0,0,0,0,0,2,0,0,0,1,3
SALON ARAÇ,VAUXHALL,ZAFİRA,Kullanılmış,0,0,0,0,0,0,0,1,0,0,0,0,1
KAMYONET,VAUXHALL,VIVARO,Kullanılmış,0,0,0,0,0,0,0,0,0,0,1,0,1
MOTOSİKLET,VESPA,SXL125,Kullanılmış,1,0,0,0,1,0,0,0,0,0,0,0,2
MOTOSİKLET,VESPA,GTS,Kullanılmış,1,0,0,0,0,0,0,0,0,0,0,0,1
MOTOSİKLET,VESPA,PRIMAVERA 125,Kullanılmış,0,2,0,0,0,0,0,0,0,0,0,0,2
MOTOSİKLET,VESPA,ZX,Kullanılmış,0,0,1,0,0,0,0,0,0,0,0,0,1
MOTOSİKLET,VESPA,VXL,Kullanılmış,0,0,0,2,0,0,0,0,0,0,0,0,2
MOTOSİKLET,VESPA,GTS 300 SUPERSPORT,Kullanılmış,0,0,0,0,0,0,0,1,0,0,0,0,1
SALON ARAÇ,VOLKSWAGEN,T-CROSS,Kullanılmış,1,0,0,0,0,0,0,0,0,0,0,0,1
SALON ARAÇ,VOLKSWAGEN,GOLF,Kullanılmış,8,0,9,6,9,6,4,6,15,8,6,5,82
ÇİFT KABİN,VOLKSWAGEN,AMAROK,Kullanılmış,2,0,1,0,2,1,2,1,0,1,1,1,12
ESTATE,VOLKSWAGEN,TOUAREG,Kullanılmış,1,0,0,0,0,0,0,0,0,0,0,0,1
SALON ARAÇ,VOLKSWAGEN,POLO,Kullanılmış,3,2,5,4,8,5,5,1,5,3,7,4,52
ESTATE,VOLKSWAGEN,TİGUAN,Kullanılmış,0,0,3,2,2,1,1,1,0,2,2,1,15
SALON ARAÇ,VOLKSWAGEN,BEETLE,Kullanılmış,0,0,2,0,1,1,2,3,3,1,0,0,13
SALON ARAÇ,VOLKSWAGEN,CC,Kullanılmış,0,0,1,0,0,0,0,0,1,0,0,0,2
PANELVAN,VOLKSWAGEN,CADDY,Kullanılmış,0,0,1,0,0,1,0,0,0,0,0,0,2
KAMYON,VOLKSWAGEN,CRAFTER,Kullanılmış,0,0,1,1,0,0,0,0,0,0,0,0,2
SALON ARAÇ,VOLKSWAGEN,PASSAT,Kullanılmış,0,0,0,2,5,5,2,3,4,5,3,1,30
OTOBÜS,VOLKSWAGEN,CRAFTER,Kullanılmış,0,0,0,1,0,0,0,0,0,0,0,0,1
SALON ARAÇ,VOLKSWAGEN,UP,Kullanılmış,0,0,0,0,1,0,0,1,0,1,0,1,4
KAMYONET,VOLKSWAGEN,TRANSPORTER T28,Kullanılmış,0,0,0,0,0,1,0,0,0,0,0,0,1
SALON ARAÇ,VOLKSWAGEN,ARTEON R-LINE,Kullanılmış,0,0,0,0,0,1,0,0,0,0,0,0,1
SALON ARAÇ,VOLKSWAGEN,SCIROCCO R,Kullanılmış,0,0,0,0,0,0,1,0,0,0,0,0,1
SALON ARAÇ,VOLKSWAGEN,JETTA,Kullanılmış,0,0,0,0,0,0,0,0,0,0,1,0,1
SALON ARAÇ,VOLKSWAGEN,LIPS,Kullanılmış,0,0,0,0,0,0,0,0,0,0,0,1,1
BİRLEŞTİRİLEN ARAÇ,VOLVO,ÇEKİCİ,Kullanılmış,5,0,1,1,4,2,1,1,0,2,2,3,22
ESTATE,VOLVO,V60,Kullanılmış,1,0,0,0,0,0,0,0,0,0,0,0,1
SALON ARAÇ,VOLVO,S90,Kullanılmış,0,1,0,0,0,1,0,1,0,0,0,0,3
KAMYON,VOLVO,TİPPER,Kullanılmış,0,1,0,1,2,4,2,0,0,0,0,0,10
SALON ARAÇ,VOLVO,V40,Kullanılmış,0,0,0,1,1,0,1,1,0,0,2,0,6
KAMYON,VOLVO,KENDİNİ YÜKLEYİCİ,Kullanılmış,0,0,0,1,0,0,0,0,0,0,1,2,4
ESTATE,VOLVO,XC60,Kullanılmış,0,0,0,0,0,1,0,0,0,0,0,0,1
ESTATE,VOLVO,XC60,Kullanılmış,0,0,0,0,0,0,1,0,0,0,0,0,1
KAMYON,VOLVO,FL 240,Kullanılmış,0,0,0,0,0,0,0,1,1,0,0,0,2
KAMYON,VOLVO,YANLIKLI KASA,Kullanılmış,0,0,0,0,0,0,0,0,0,1,0,0,1
SALON ARAÇ,VOLVO,S90,Kullanılmış,0,0,0,0,0,0,0,0,0,0,1,0,1
KAMYON,VOLVO,FM 440,Kullanılmış,0,0,0,0,0,0,0,0,0,0,0,1,1
ROMÖRK,WİELTON,KAPALI TENTELİ,Kullanılmış,0,0,0,0,0,0,1,0,0,0,0,0,1
MOTOSİKLET,YAMAHA,FAZER,Kullanılmış,1,0,0,0,0,0,0,0,0,0,0,0,1
MOTOSİKLET,YAMAHA,N-MAX,Kullanılmış,1,0,0,0,0,0,0,0,0,0,0,0,1
MOTOSİKLET,YAMAHA,XSR900 RW,Kullanılmış,1,0,0,0,0,0,0,0,0,0,0,0,1
MOTOSİKLET,YAMAHA,CYGNUS,Kullanılmış,0,0,3,3,1,8,0,0,0,0,0,2,17
MOTOSİKLET,YAMAHA,X MAX,Kullanılmış,0,0,0,0,0,1,0,0,0,0,0,0,1
MOTOSİKLET,YAMAHA,FACHINO,Kullanılmış,0,0,0,0,0,1,0,0,0,0,0,0,1
TRAKTÖR,YAMAHA,YANMAR KE-3,Kullanılmış,0,0,0,0,0,0,1,0,0,0,0,0,1
MOTOSİKLET,YAMAHA,XZT 700,Kullanılmış,0,0,0,0,0,0,0,1,0,0,0,0,1
MOTORLU TR (ATV),YAMAHA,ATV 4X4 AUTO,Kullanılmış,0,0,0,0,0,0,0,0,1,0,0,0,1
MOTOSİKLET,YAMAHA,TECH MAX,Kullanılmış,0,0,0,0,0,0,0,0,1,0,0,0,1
Motobisiklet,YAMAHA,VINO 50,Kullanılmış,0,0,0,0,0,0,0,0,0,0,1,0,1
0,TOPLAM,0,0,604,199,741,574,973,617,389,611,756,614,501,386,6965
0,GENEL TOPLAM,0,0,604,199,741,574,973,617,389,611,756,614,501,386,6965
0,0,0,0,#VALUE!,0,0,0,0,0,0,0,0,0,0,0,#VALUE!
0,0,0,0,#VALUE!,0,0,0,0,0,0,0,0,0,0,0,#VALUE!
0,0,0,0,#VALUE!,0,0,#VALUE!,0,0,0,0,0,0,0,0,#VALUE!
0,0,0,0,#VALUE!,#VALUE!,#VALUE!,#VALUE!,#VALUE!,#VALUE!,#VALUE!,#VALUE!,#VALUE!,#VALUE!,#VALUE!,#VALUE!,#VALUE!
Aractip,Marka,Model,Arac Kayit Tip,#VALUE!,#VALUE!,#VALUE!,#VALUE!,#VALUE!,#VALUE!,#VALUE!,#VALUE!,#VALUE!,#VALUE!,#VALUE!,#VALUE!,#VALUE!
ROMÖRK,ALAMEN,ZİJT KATRAN TANKERİ,Kullanılmış,0,0,0,0,1,0,0,0,0,0,0,0,1
ESTATE,AUDI,Q8,Kullanılmış,0,0,0,1,0,0,0,0,0,0,0,0,1
SALON ARAÇ,AUDI,A1,Kullanılmış,0,0,0,0,1,0,0,0,0,0,0,0,1
SALON ARAÇ,AUDI,RS7,Kullanılmış,0,0,0,0,1,0,0,0,0,0,0,0,1
SALON ARAÇ,AUDI,A4,Kullanılmış,0,0,0,0,0,1,0,0,0,1,0,0,2
SALON ARAÇ,AUDI,A5,Kullanılmış,0,0,0,0,0,0,1,0,0,0,0,0,1
SALON ARAÇ,AUDI,A3,Kullanılmış,0,0,0,0,0,0,0,2,0,1,1,0,4
SALON ARAÇ,AUDI,Q2,Kullanılmış,0,0,0,0,0,0,0,0,0,1,0,0,1
SALON ARAÇ,AUDI,TT,Kullanılmış,0,0,0,0,0,0,0,0,0,1,0,0,1
SALON ARAÇ,AUDI,A6,Kullanılmış,0,0,0,0,0,0,0,0,0,1,0,0,1
ESTATE,AUDI,Q5,Kullanılmış,0,0,0,0,0,0,0,0,0,0,0,1,1
SALON ARAÇ,AUSTIN,MINI,Kullanılmış,1,0,0,0,0,0,0,1,0,0,0,0,2
OTOBÜS,BMC,BELDE,Kullanılmış,1,0,0,0,0,0,0,0,0,0,0,0,1
OTOBÜS,BMC,PROBÜS,Kullanılmış,0,0,1,0,0,0,0,0,0,0,0,0,1
SEYYAR MOT.,BMC,PRO 935 FED,Kullanılmış,0,0,0,0,0,0,0,0,1,0,0,0,1
SALON ARAÇ,BMW,5-SERİES,Kullanılmış,5,0,4,2,2,2,0,0,0,1,1,2,19
SALON ARAÇ,BMW,4-SERİES,Kullanılmış,1,0,0,0,1,1,0,0,1,0,0,0,4
SALON ARAÇ,BMW,1-SERİES,Kullanılmış,1,0,0,0,1,0,1,1,0,1,0,0,5
MOTOSİKLET,BMW,KNX650,Kullanılmış,0,1,0,0,0,0,0,0,0,0,0,0,1
ESTATE,BMW,X3,Kullanılmış,0,0,1,0,1,0,0,1,1,0,0,0,4
SALON ARAÇ,BMW,3-SERİES,Kullanılmış,0,0,0,3,0,1,1,1,3,0,0,1,10
SALON ARAÇ,BMW,M-SERİES,Kullanılmış,0,0,0,0,1,1,0,0,0,1,0,0,3
MOTOSİKLET,BMW,G 310,Kullanılmış,0,0,0,0,0,1,0,0,0,0,0,0,1
SALON ARAÇ,BMW,6-SERİES,Kullanılmış,0,0,0,0,0,1,0,0,0,0,0,0,1
ESTATE,BMW,X5,Kullanılmış,0,0,0,0,0,0,0,1,0,1,0,0,2
SALON ARAÇ,BMW,I3 -SERİES,Kullanılmış,0,0,0,0,0,0,0,0,1,0,0,0,1
SALON ARAÇ,BMW,ALPINA D3,Kullanılmış,0,0,0,0,0,0,0,0,0,1,0,0,1
SALON ARAÇ,BMW,Z3,Kullanılmış,0,0,0,0,0,0,0,0,0,0,1,0,1
MOTOSİKLET,BMW,R100 RS,Kullanılmış,0,0,0,0,0,0,0,0,0,0,0,1,1
MOTOSİKLET,BMW,R 1200,Kullanılmış,0,0,0,0,0,0,0,0,0,0,0,2,2
MOTOSİKLET,BSA,A10,Kullanılmış,0,0,1,0,0,0,0,0,0,0,0,0,1
MOTORLU TR (ATV),CAN-AM,MAVERIC X3 UTV,Kullanılmış,0,0,0,0,0,1,0,0,0,0,0,2,3
SALON ARAÇ,CARBODIES,TAX/HIRE CAR,Kullanılmış,0,0,0,0,0,0,2,0,0,0,0,0,2
KAMYON,CARRİER,SONDAJ MAKİNESİ,Kullanılmış,0,1,0,0,0,0,0,0,0,0,0,0,1
FORK LİFT,CATERPILAR,GP25N,Kullanılmış,1,0,0,0,0,0,0,0,0,0,0,0,1
ROMÖRK,CHEREAU,BUZLUKLU,Kullanılmış,1,0,0,0,0,0,0,0,0,0,0,0,1
SALON ARAÇ,CHEVROLET,CAMARO,Kullanılmış,0,0,0,0,0,1,0,0,0,0,0,0,1
SALON ARAÇ,CHEVROLET,CORVETTE,Kullanılmış,0,0,0,0,0,1,0,0,0,0,0,0,1
ESTATE,CHEVROLET,SUBURBAN,Kullanılmış,0,0,0,0,0,0,10,0,0,0,0,0,10
MOTORLU KARAVAN,CHEVROLET,WINNIBAYO,Kullanılmış,0,0,0,0,0,0,1,0,0,0,0,0,1
SALON ARAÇ,CHEVROLET,CARROS,Kullanılmış,0,0,0,0,0,0,0,0,1,0,0,0,1
SALON ARAÇ,CHRYSLER,300 S,Kullanılmış,0,0,0,0,1,0,0,0,0,0,0,0,1
PANELVAN,CITROEN,BERLINGO,Kullanılmış,1,0,0,0,0,0,0,0,1,0,0,0,2
SALON ARAÇ,CITROEN,D SPECIAL,Kullanılmış,0,0,1,0,0,0,0,0,0,0,0,0,1
SALON ARAÇ,CITROEN,DS3,Kullanılmış,0,0,0,1,0,0,0,0,0,0,0,0,1
KAMYONET,CITROEN,BERLINGO,Kullanılmış,0,0,0,0,0,0,1,0,0,0,0,0,1
PANELVAN,CITROEN,RELAY 30,Kullanılmış,0,0,0,0,0,0,1,0,0,0,0,0,1
KAMYONET,CITROEN,RELAY 30,Kullanılmış,0,0,0,0,0,0,0,0,0,0,1,0,1
BİÇER DÖVER,CLAAS,SLAJ MAKİNESİ,Kullanılmış,1,0,0,0,0,0,0,0,0,0,0,0,1
TRAKTÖR,CLAAS,A62 KABİNLİ,Kullanılmış,0,0,0,0,0,0,0,0,1,0,0,0,1
TRAKTÖR,CLAAS,CELTİS 456 RC,Kullanılmış,0,0,0,0,0,0,0,0,0,0,0,1,1
ESTATE,DACIA,DUSTER,Kullanılmış,0,0,0,0,0,1,0,0,0,0,0,0,1
KAMYON,DAF,TRUCKS,Kullanılmış,0,0,1,0,0,0,0,0,0,0,0,0,1
KAMYON,DAF,ÇÖP KAMYONU,Kullanılmış,0,0,2,0,0,0,0,0,0,1,0,1,4
KAMYON,DAF,CF85,Kullanılmış,0,0,0,0,2,0,0,0,0,0,0,0,2
BİRLEŞTİRİLEN ARAÇ,DAF,TRUCKS ÇEKİCİ,Kullanılmış,0,0,0,0,0,0,1,0,0,1,0,0,2
BİRLEŞTİRİLEN ARAÇ,DAF,TRUCKS,Kullanılmış,0,0,0,0,0,0,1,0,0,0,0,0,1
KAMYON,DAF,DÜZ KASA KENDİNİ YÜKLEYİCİ,Kullanılmış,0,0,0,0,0,0,0,0,1,0,0,0,1
KAMYON,DAF,TRUCKS ÇÖP ARACI,Kullanılmış,0,0,0,0,0,0,0,0,0,1,0,0,1
SALON ARAÇ,DAIHATSU,MİRA,Kullanılmış,0,0,0,0,0,1,0,0,1,0,0,1,3
KAMYON,DENNIS,ÇÖP KAMYONU,Kullanılmış,0,0,0,0,0,0,0,0,0,0,0,1,1
SALON ARAÇ,DODGE,CHALLENGER COUPE,Kullanılmış,0,0,0,0,0,0,1,0,0,0,0,0,1
KAMYON,FATİH,ARAZÖZLER,Kullanılmış,0,1,0,0,0,0,0,0,0,0,0,0,1
TRAKTÖR,FENDT,724 VARİO KABİNLİ,Kullanılmış,1,0,0,0,0,0,0,0,0,0,0,0,1
TRAKTÖR,FENDT,820,Kullanılmış,0,0,1,0,0,0,0,0,0,0,0,0,1
TRAKTÖR,FENDT,FARMER 310,Kullanılmış,0,0,1,0,0,0,0,0,0,0,0,0,1
TRAKTÖR,FENDT,309-KABİNLİ,Kullanılmış,0,0,0,0,0,0,0,0,1,0,0,0,1
TRAKTÖR,FIAT,55-46,Kullanılmış,1,0,0,0,0,0,0,0,0,0,0,0,1
BİRLEŞTİRİLEN ARAÇ,FIAT,ÇEKİCİ,Kullanılmış,0,0,1,0,0,0,0,0,0,0,0,0,1
SALON ARAÇ,FIAT,500,Kullanılmış,0,0,0,0,0,0,0,1,0,0,0,0,1
PANELVAN,FIAT,DOBLO,Kullanılmış,0,0,0,0,0,0,0,0,1,0,0,0,1
MOTORLU KARAVAN,FIAT,DUCATO,Kullanılmış,0,0,0,0,0,0,0,0,1,0,0,0,1
TRAKTÖR,FORD,5000,Kullanılmış,1,0,1,0,0,1,0,0,0,0,0,0,3
PANELVAN,FORD,TRANSİT,Kullanılmış,1,0,0,1,1,1,0,1,2,0,0,0,7
KAMYON,FORD,TRANSİT,Kullanılmış,0,1,0,1,0,0,0,0,0,0,0,0,2
ÇİFT KABİN,FORD,RANGER,Kullanılmış,0,1,0,0,2,0,0,0,1,0,1,1,6
KAMYONET,FORD,TRANSİT,Kullanılmış,0,0,2,0,0,0,0,0,0,0,0,1,3
SALON ARAÇ,FORD,FOCUS,Kullanılmış,0,0,2,0,0,2,0,0,0,0,0,0,4
TRAKTÖR,FORD,6710,Kullanılmış,0,0,0,0,0,1,0,0,0,0,0,0,1
ÇİFT KABİN,FORD,TRANSİT,Kullanılmış,0,0,0,0,0,1,0,0,0,0,0,1,2
SALON ARAÇ,FORD,THUNDERBİRD,Kullanılmış,0,0,0,0,0,1,0,0,0,0,0,0,1
OTOBÜS,FORD,TRANSİT,Kullanılmış,0,0,0,0,0,0,0,0,0,0,0,1,1
ESTATE,FORD,FOCUS SW,Kullanılmış,0,0,0,0,0,0,0,0,0,0,0,1,1
SALON ARAÇ,FORD,C-MAX,Kullanılmış,0,0,0,0,0,0,0,0,0,0,0,1,1
PANELVAN,FORD,İVECO,Kullanılmış,0,0,0,0,0,0,0,0,0,0,0,1,1
ROMÖRK,GENERAL,DÜZ KASA,Kullanılmış,0,0,0,1,0,0,0,0,0,0,0,0,1
SEYYAR MOT.,GROVE,KENDİ YÜRÜR VİNÇ,Kullanılmış,0,0,0,0,0,0,0,0,1,0,0,0,1
MOTOSİKLET,HARLEY DAVIDSON,MOTOSİKLET,Kullanılmış,0,0,1,0,0,0,0,0,0,0,0,0,1
MOTOSİKLET,HARLEY DAVIDSON,VRI,Kullanılmış,0,0,0,0,1,0,0,0,0,0,0,0,1
MOTOSİKLET,HARLEY DAVIDSON,XLH 883,Kullanılmış,0,0,0,0,0,1,0,0,0,0,0,0,1
MOTOSİKLET,HARLEY DAVIDSON,YAN ARABALI,Kullanılmış,0,0,0,0,0,0,0,0,0,0,1,0,1
ESTATE,HONDA,CR-V,Kullanılmış,1,0,1,0,0,0,0,0,1,1,0,0,4
SALON ARAÇ,HONDA,FİT,Kullanılmış,1,0,2,0,1,0,0,1,2,0,1,1,9
SALON ARAÇ,HONDA,VEZEL,Kullanılmış,2,0,0,0,0,2,0,0,0,1,0,0,5
SALON ARAÇ,HONDA,CIVIC,Kullanılmış,0,0,0,1,1,0,0,0,0,1,0,1,4
SALON ARAÇ,HONDA,GRACE,Kullanılmış,0,0,0,0,0,1,0,0,0,0,0,0,1
SALON ARAÇ,HONDA,FREED,Kullanılmış,0,0,0,0,0,1,0,1,0,0,0,0,2
SALON ARAÇ,HONDA,CROSSROAD,Kullanılmış,0,0,0,0,0,2,0,0,0,0,0,0,2
MOTOSİKLET,HONDA,SH 125 AD-H,Kullanılmış,0,0,0,0,0,0,1,0,0,0,0,0,1
MOTOSİKLET,HONDA,ACTİVA,Kullanılmış,0,0,0,0,0,0,0,0,0,2,0,0,2
SALON ARAÇ,HYUNDAI,İ30,Kullanılmış,0,1,0,0,0,0,0,0,0,0,0,0,1
OTOBÜS,HYUNDAI,IMAX,Kullanılmış,0,0,1,0,0,0,0,0,0,0,0,0,1
SALON ARAÇ,HYUNDAI,İ20,Kullanılmış,0,0,0,0,0,1,0,0,0,0,0,0,1
ESTATE,HYUNDAI,TUCSON,Kullanılmış,0,0,0,0,0,0,0,0,0,0,0,1,1
MOTORLU KARAVAN,ISUZU,ELF,Kullanılmış,1,0,0,0,0,0,0,0,0,0,0,0,1
ÇİFT KABİN,ISUZU,D-MAX,Kullanılmış,1,0,0,0,0,0,0,2,0,2,0,1,6
MOTORLU KARAVAN,ISUZU,RODEO,Kullanılmış,0,0,0,1,2,2,0,0,1,0,0,0,6
ÇİFT KABİN,ISUZU,RODEO,Kullanılmış,0,0,0,1,0,0,0,0,0,0,0,0,1
ÇİFT KABİN,ISUZU,ARKASI AÇIK,Kullanılmış,0,0,0,1,0,0,0,0,0,0,0,0,1
ÇİFT KABİN,ISUZU,ELF,Kullanılmış,0,0,0,0,1,0,0,0,0,0,0,0,1
OTOBÜS,ISUZU,URBAN,Kullanılmış,0,0,0,0,0,1,1,0,1,0,0,0,3
KAMYON,ISUZU,TİPPER,Kullanılmış,0,0,0,0,0,1,0,0,0,0,0,0,1
KAMYON,ISUZU,TRUCKS FORW.N75,Kullanılmış,0,0,0,0,0,1,0,0,0,0,0,0,1
KAMYON,ISUZU,ELF,Kullanılmış,0,0,0,0,0,1,1,1,0,0,0,0,3
ÇİFT KABİN,ISUZU,PİCK-UP,Kullanılmış,0,0,0,0,0,0,0,1,0,0,0,0,1
ÇİFT KABİN,ISUZU,-,Kullanılmış,0,0,0,0,0,0,0,0,0,1,0,0,1
KAMYON,IVECO,EUROCARGO 75E16S-BOX,Kullanılmış,0,0,0,0,0,0,0,0,0,1,0,0,1
OTOBÜS,IVECO,EUROBUS,Kullanılmış,0,0,0,0,0,0,0,0,0,0,0,1,1
SALON ARAÇ,JAGUAR,XJ6 AUTO,Kullanılmış,0,0,1,0,0,0,0,0,0,0,0,0,1
SALON ARAÇ,JAGUAR,X-TYPE,Kullanılmış,0,0,0,0,1,0,0,0,0,0,0,0,1
SALON ARAÇ,JAGUAR,XJS CONVERTİBLE,Kullanılmış,0,0,0,0,0,0,0,0,1,0,0,0,1
KAZICI-YÜKLEYİCİ,JCB,3CXSM4T,Kullanılmış,0,0,0,0,0,0,0,1,0,0,0,0,1
KAZICI-YÜKLEYİCİ,JCB,3CX-SM-4T,Kullanılmış,0,0,0,0,0,0,0,0,0,1,0,0,1
KAZICI-YÜKLEYİCİ,JCB,KAZICI YÜKLEYİCİ,Kullanılmış,0,0,0,0,0,0,0,0,0,0,1,0,1
ESTATE,JEEP,RENEGADE,Kullanılmış,1,0,0,0,0,0,0,0,0,0,0,0,1
ESTATE,JEEP,CHEROKEE,Kullanılmış,0,0,1,0,0,0,0,0,0,0,0,0,1
ESTATE,JEEP,WRANGLER,Kullanılmış,0,0,0,0,1,0,0,1,0,0,0,1,3
TRAKTÖR,JOHN,DEERE 2058 BİÇERDÖVER,Kullanılmış,0,0,0,0,0,1,0,0,0,0,0,0,1
TRAKTÖR,JOHN,DEERE BİÇERDÖVER,Kullanılmış,0,0,0,0,0,0,0,0,0,1,0,0,1
TRAKTÖR,JOHN DEERE,5075GL,Kullanılmış,0,0,1,0,0,0,0,0,0,0,0,0,1
TRAKTÖR,JOHN DEERE,5403,Kullanılmış,0,0,0,1,0,0,0,0,0,0,0,0,1
BİÇER DÖVER,JOHN DEERE,1450 WTS,Kullanılmış,0,0,0,1,0,0,0,0,0,0,0,0,1
TRAKTÖR,JOHN DEERE,75 F,Kullanılmış,0,0,0,0,1,0,0,0,0,0,0,0,1
TRAKTÖR,JOHN DEERE,FH,Kullanılmış,0,0,0,0,0,1,0,0,0,0,0,0,1
TRAKTÖR,JOHN DEERE,6800,Kullanılmış,0,0,0,0,0,0,0,1,0,0,0,0,1
TRAKTÖR,JOHN DEERE,6400 KABİN+KLİMA,Kullanılmış,0,0,0,0,0,0,0,0,1,0,0,0,1
BİÇER DÖVER,JOHN DEERE,1075,Kullanılmış,0,0,0,0,0,0,0,0,0,0,0,1,1
ROMÖRK,KAİM,TİPER TREYLER,Kullanılmış,1,0,0,0,0,0,0,0,0,0,0,0,1
MOTORLU TR (ATV),KANUNİ,200 U,Kullanılmış,0,0,0,0,0,0,6,0,0,0,0,0,6
ESTATE,KIA,SORENTO,Kullanılmış,1,0,0,0,0,0,0,0,0,0,0,0,1
ROMÖRK,KİNG,ARAÇ TAŞIYICI,Kullanılmış,0,0,1,0,0,0,0,0,0,0,0,0,1
ROMÖRK,KRONE,KAPALI TENTELİ,Kullanılmış,0,0,0,0,0,0,1,0,0,0,0,0,1
ROMÖRK,KRONE,EUROLINER,Kullanılmış,0,0,0,0,0,0,1,0,0,0,0,0,1
ROMÖRK,KRONE,TREYLER KAPALI TENTELİ,Kullanılmış,0,0,0,0,0,0,0,0,0,0,0,1,1
ESTATE,LAND ROVER,EVOQUE,Kullanılmış,0,0,1,0,1,0,2,0,0,0,0,0,4
ESTATE,LAND ROVER,LR 90 4C,Kullanılmış,0,0,1,0,0,0,0,0,0,0,0,0,1
ESTATE,LAND ROVER,109,Kullanılmış,0,0,1,1,0,0,1,0,0,0,0,0,3
KAMYON,LAND ROVER,KAPALI,Kullanılmış,0,0,0,1,0,0,0,0,0,0,0,0,1
ESTATE,LAND ROVER,SPORT,Kullanılmış,0,0,0,0,2,1,0,0,0,0,0,1,4
ESTATE,LAND ROVER,DEFENDER,Kullanılmış,0,0,0,0,1,0,0,1,0,0,0,0,2
ESTATE,LAND ROVER,FREELANDE,Kullanılmış,0,0,0,0,1,0,0,0,0,0,0,0,1
ESTATE,LAND ROVER,VELAR,Kullanılmış,0,0,0,0,1,0,1,0,0,0,0,0,2
ESTATE,LAND ROVER,VOGUE,Kullanılmış,0,0,0,0,0,1,0,0,0,0,0,0,1
SALON ARAÇ,LAND ROVER,90 4C,Kullanılmış,0,0,0,0,0,0,1,0,0,0,0,0,1
ESTATE,LAND ROVER,A-BIOGRAPHY,Kullanılmış,0,0,0,0,0,0,1,0,0,0,0,1,2
ESTATE,LAND ROVER,ESTATE,Kullanılmış,0,0,0,0,0,0,0,1,0,0,0,0,1
ESTATE,LAND ROVER,DISCOVERY,Kullanılmış,0,0,0,0,0,0,0,0,1,0,0,2,3
KAMYONET,LAND ROVER,ARKASI AÇIK,Kullanılmış,0,0,0,0,0,0,0,0,0,0,0,2,2
ESTATE,LEXUS,NX 300H,Kullanılmış,1,0,0,0,0,0,0,0,0,0,0,0,1
SALON ARAÇ,LINCOLN,CONTINENTAL,Kullanılmış,0,0,1,0,0,0,0,0,0,0,0,0,1
OTOBÜS,LINCOLN,NAVIGATOR,Kullanılmış,0,0,0,0,0,0,1,0,0,0,0,0,1
FORK LİFT,LINDE,E25 AKÜLÜ,Kullanılmış,1,0,0,0,0,0,0,0,0,0,0,0,1
SALON ARAÇ,LONDON,TAXIS INT TXII,Kullanılmış,0,0,0,0,0,1,0,0,0,0,0,0,1
SALON ARAÇ,LONDON,TAXİS INT TXII,Kullanılmış,0,0,0,0,0,1,0,0,0,0,0,0,1
SALON ARAÇ,LONDON,TAXIS INT TXII,Kullanılmış,0,0,0,0,0,1,0,0,0,0,0,0,1
ROMÖRK,LORH,3 AXLE ARAÇ TAŞIYICI,Kullanılmış,0,0,0,0,0,0,1,0,0,0,0,0,1
ROMÖRK,MAKİNSAN,TREYLER,Kullanılmış,0,0,0,0,1,0,0,0,0,0,0,0,1
SALON ARAÇ,MASERATI,QUATTROPORTE,Kullanılmış,0,0,0,1,0,0,0,0,0,0,0,0,1
TRAKTÖR,MASSEY FERGUSON,285,Kullanılmış,2,0,0,1,0,0,0,1,0,0,0,1,5
TRAKTÖR,MASSEY FERGUSON,240,Kullanılmış,1,0,1,2,2,3,0,0,0,1,1,1,12
TRAKTÖR,MASSEY FERGUSON,3050,Kullanılmış,1,0,0,4,0,0,0,0,0,0,0,0,5
TRAKTÖR,MASSEY FERGUSON,398,Kullanılmış,0,0,2,0,0,1,0,0,0,0,0,1,4
TRAKTÖR,MASSEY FERGUSON,135,Kullanılmış,0,0,1,1,0,1,0,2,0,1,0,1,7
TRAKTÖR,MASSEY FERGUSON,2615,Kullanılmış,0,0,1,0,0,1,0,0,0,0,0,0,2
TRAKTÖR,MASSEY FERGUSON,3060,Kullanılmış,0,0,1,0,0,0,0,0,0,1,0,1,3
TRAKTÖR,MASSEY FERGUSON,675,Kullanılmış,0,0,0,1,0,0,0,0,1,0,0,0,2
TRAKTÖR,MASSEY FERGUSON,165,Kullanılmış,0,0,0,1,0,0,0,0,0,0,0,0,1
TRAKTÖR,MASSEY FERGUSON,188,Kullanılmış,0,0,0,1,0,0,0,0,0,0,0,0,1
TRAKTÖR,MASSEY FERGUSON,550,Kullanılmış,0,0,0,1,0,0,0,0,0,0,0,0,1
TRAKTÖR,MASSEY FERGUSON,3625,Kullanılmış,0,0,0,1,0,0,0,0,0,0,0,0,1
TRAKTÖR,MASSEY FERGUSON,3635,Kullanılmış,0,0,0,0,0,1,0,0,0,1,0,0,2
TRAKTÖR,MASSEY FERGUSON,MF 265,Kullanılmış,0,0,0,0,0,0,1,0,0,0,0,0,1
TRAKTÖR,MASSEY FERGUSON,350,Kullanılmış,0,0,0,0,0,0,0,1,0,0,0,0,1
TRAKTÖR,MASSEY FERGUSON,T1E(2WD),Kullanılmış,0,0,0,0,0,0,0,1,0,0,0,0,1
TRAKTÖR,MASSEY FERGUSON,277G,Kullanılmış,0,0,0,0,0,0,0,0,1,0,0,0,1
TRAKTÖR,MASSEY FERGUSON,698,Kullanılmış,0,0,0,0,0,0,0,0,1,0,0,0,1
TRAKTÖR,MASSEY FERGUSON,699,Kullanılmış,0,0,0,0,0,0,0,0,1,0,0,0,1
TRAKTÖR,MASSEY FERGUSON,4X4 KABİNLİ KLİMALI,Kullanılmış,0,0,0,0,0,0,0,0,0,1,0,0,1
TRAKTÖR,MASSEY FERGUSON,565,Kullanılmış,0,0,0,0,0,0,0,0,0,0,1,0,1
TRAKTÖR,MASSEY FERGUSON,690,Kullanılmış,0,0,0,0,0,0,0,0,0,0,0,1,1
TRAKTÖR,MASSEY FERGUSON,6270,Kullanılmış,0,0,0,0,0,0,0,0,0,0,0,1,1
SALON ARAÇ,MAZDA,DEMIO,Kullanılmış,0,0,0,1,0,0,0,0,1,1,0,0,3
SALON ARAÇ,MAZDA,6,Kullanılmış,0,0,0,0,0,1,0,0,0,0,0,0,1
ESTATE,MAZDA,6 SE-L D AUTO,Kullanılmış,0,0,0,0,0,0,0,1,0,0,0,0,1
SALON ARAÇ,MAZDA,EUNOS ROADSTAR,Kullanılmış,0,0,0,0,0,0,0,1,0,0,0,0,1
SALON ARAÇ,MAZDA,RX7,Kullanılmış,0,0,0,0,0,0,0,0,1,0,0,0,1
SALON ARAÇ,MAZDA,DEMİO,Kullanılmış,0,0,0,0,0,0,0,0,1,0,0,0,1
SALON ARAÇ,MAZDA,CX-3,Kullanılmış,0,0,0,0,0,0,0,0,1,0,1,0,2
SALON ARAÇ,MAZDA,CX5,Kullanılmış,0,0,0,0,0,0,0,0,0,1,0,0,1
ESTATE,MAZDA,5,Kullanılmış,0,0,0,0,0,0,0,0,0,0,1,0,1
SALON ARAÇ,MCLAREN,720S V8 S-A,Kullanılmış,0,0,0,0,1,0,0,0,0,0,0,0,1
PANELVAN,MERCEDES,SPRİNTER,Kullanılmış,1,0,0,1,1,0,1,3,0,2,0,1,10
SALON ARAÇ,MERCEDES,ML-SERİES,Kullanılmış,1,0,0,0,0,0,0,0,0,0,0,0,1
SALON ARAÇ,MERCEDES,B-SERİES,Kullanılmış,1,0,0,0,0,0,2,0,0,0,0,0,3
SALON ARAÇ,MERCEDES,E-SERİES,Kullanılmış,3,0,2,6,6,0,1,6,2,0,3,5,34
ESTATE,MERCEDES,GLC,Kullanılmış,1,0,0,1,0,1,0,0,1,0,0,0,4
SALON ARAÇ,MERCEDES,S-SERİES,Kullanılmış,1,0,1,1,0,0,0,0,1,0,0,1,5
ESTATE,MERCEDES,GLE,Kullanılmış,1,0,0,1,0,0,0,0,0,0,0,1,3
SALON ARAÇ,MERCEDES,C-SERİES,Kullanılmış,3,0,2,4,5,3,2,2,2,2,0,5,30
SALON ARAÇ,MERCEDES,380 SLC COUPE,Kullanılmış,1,0,0,0,0,0,0,0,0,0,0,0,1
ESTATE,MERCEDES,300 GE,Kullanılmış,0,1,0,0,0,0,0,0,0,0,0,0,1
KAMYON,MERCEDES,KAPALI BOX,Kullanılmış,0,1,0,0,0,0,0,0,0,0,0,1,2
KAMYON,MERCEDES,SPRİNTER,Kullanılmış,0,1,0,0,0,0,0,0,0,0,0,1,2
ESTATE,MERCEDES,GL320 CDI,Kullanılmış,0,0,1,0,0,0,0,0,0,0,0,0,1
SALON ARAÇ,MERCEDES,CLA,Kullanılmış,0,0,1,0,0,0,0,0,0,0,0,0,1
KAMYON,MERCEDES,BENZ DROPSIDE,Kullanılmış,0,0,1,0,0,0,0,0,0,0,0,0,1
SALON ARAÇ,MERCEDES,CLK,Kullanılmış,0,0,2,0,0,2,0,0,0,1,0,0,5
SALON ARAÇ,MERCEDES,A-SERİES,Kullanılmış,0,0,0,2,1,0,0,1,0,0,1,1,6
SALON ARAÇ,MERCEDES,190 D,Kullanılmış,0,0,0,1,0,0,0,0,0,0,0,0,1
SALON ARAÇ,MERCEDES,VİTO,Kullanılmış,0,0,0,1,0,0,0,0,0,0,0,0,1
SALON ARAÇ,MERCEDES,CITAN,Kullanılmış,0,0,0,1,0,0,0,0,0,0,0,0,1
SALON ARAÇ,MERCEDES,280SL,Kullanılmış,0,0,0,0,1,0,0,0,1,0,0,0,2
SALON ARAÇ,MERCEDES,SL-SERİES,Kullanılmış,0,0,0,0,1,0,0,0,1,1,0,0,3
KAMYON,MERCEDES,ÇÖP KAMYONU,Kullanılmış,0,0,0,0,1,0,0,2,0,0,1,0,4
OTOBÜS,MERCEDES,BENZ VİANO,Kullanılmış,0,0,0,0,0,1,0,0,0,0,0,0,1
ESTATE,MERCEDES,V-SERİES,Kullanılmış,0,0,0,0,0,1,2,1,0,1,0,0,5
KAMYON,MERCEDES,GAZ TANKERİ,Kullanılmış,0,0,0,0,0,2,0,0,0,0,0,0,2
OTOBÜS,MERCEDES,SPRİNTER,Kullanılmış,0,0,0,0,0,0,1,0,0,0,0,2,3
KAMYONET,MERCEDES,VİTO,Kullanılmış,0,0,0,0,0,0,1,1,0,0,0,0,2
KAMYON,MERCEDES,KENDİNDEN YÜKLEYİCİ,Kullanılmış,0,0,0,0,0,0,0,1,0,0,1,0,2
OTOBÜS,MERCEDES,VİTO,Kullanılmış,0,0,0,0,0,0,0,1,0,0,0,1,2
BİRLEŞTİRİLEN ARAÇ,MERCEDES,ARAÇ ÇEKİCİ,Kullanılmış,0,0,0,0,0,0,0,1,0,0,0,0,1
ESTATE,MERCEDES,G-SERİES,Kullanılmış,0,0,0,0,0,0,0,1,0,0,0,0,1
SALON ARAÇ,MERCEDES,SLK,Kullanılmış,0,0,0,0,0,0,0,0,1,0,0,0,1
ESTATE,MERCEDES,GLS,Kullanılmış,0,0,0,0,0,0,0,0,0,0,0,1,1
PANELVAN,MERCEDES,VİTO,Kullanılmış,0,0,0,0,0,0,0,0,0,0,0,1,1
SALON ARAÇ,MG,3 STYLE VTI-TECH,Kullanılmış,0,0,1,0,0,0,0,0,0,0,0,0,1
SALON ARAÇ,MG,CONVERTRBLE,Kullanılmış,0,0,0,0,0,0,1,0,0,0,0,0,1
SALON ARAÇ,MG,SPORTCONVERTIBLE,Kullanılmış,0,0,0,0,0,0,0,1,0,0,0,0,1
SALON ARAÇ,MG,B GT SPORTS,Kullanılmış,0,0,0,0,0,0,0,0,1,0,0,0,1
SALON ARAÇ,MINI,COOPER,Kullanılmış,0,0,0,0,0,0,0,0,0,0,1,0,1
ÇİFT KABİN,MITSIBUSHI,L200 4X4,Kullanılmış,0,0,1,0,0,0,0,0,0,0,0,0,1
KAMYON,MİTSUBISHI,ÇÖP TOPLAMA ARACI,Kullanılmış,1,0,0,0,0,0,0,0,0,0,0,0,1
ÇİFT KABİN,MİTSUBISHI,L200,Kullanılmış,0,0,2,0,0,0,1,2,1,2,1,0,9
SALON ARAÇ,MİTSUBISHI,CARISMA,Kullanılmış,0,0,0,0,1,0,0,0,0,0,0,0,1
KAMYON,MİTSUBISHI,CANTER,Kullanılmış,0,0,0,0,0,1,0,0,0,0,0,0,1
ÇİFT KABİN,MİTSUBISHI,TRITON,Kullanılmış,0,0,0,0,0,0,0,1,0,0,0,0,1
ÇİFT KABİN,MİTSUBISHI,ÇİFT KABİN,Kullanılmış,0,0,0,0,0,0,0,1,0,0,0,0,1
ESTATE,MİTSUBISHI,PAJERO,Kullanılmış,0,0,0,0,0,0,0,0,0,0,1,0,1
KAMYON,MİTSUBISHI,ARAÇ TAŞIYICI,Kullanılmış,0,0,0,0,0,0,0,0,0,0,0,1,1
MOTOSİKLET,MONDIAL,MOTOSİKLET,Kullanılmış,0,0,0,0,0,0,0,0,0,0,1,0,1
ROMÖRK,MONTRACON,TENTELİ KAPALI,Kullanılmış,0,0,0,1,0,0,0,0,0,0,0,0,1
SALON ARAÇ,MORRIS,MINI,Kullanılmış,0,0,0,0,0,1,0,0,0,0,0,0,1
BİÇER DÖVER,NEW HOLLAND,BİÇERDÖVER,Kullanılmış,1,0,0,0,0,0,0,0,0,0,0,0,1
TRAKTÖR,NEW HOLLAND,T480,Kullanılmış,0,0,0,1,0,0,0,0,0,0,0,0,1
BİÇER DÖVER,NEW HOLLAND,TC56,Kullanılmış,0,0,0,2,0,0,0,0,1,0,0,0,3
TRAKTÖR,NEW HOLLAND,8060,Kullanılmış,0,0,0,0,1,0,0,0,0,0,0,0,1
TRAKTÖR,NEW HOLLAND,TD1210D KLİMALI KABİNLİ,Kullanılmış,0,0,0,0,0,1,0,0,0,0,0,0,1
TRAKTÖR,NEW HOLLAND,TC56 KOMBAY,Kullanılmış,0,0,0,0,0,0,0,1,0,0,0,0,1
TRAKTÖR,NEW HOLLAND,TS110,Kullanılmış,0,0,0,0,0,0,0,1,0,0,0,0,1
SALON ARAÇ,NİSSAN,JUKE,Kullanılmış,1,0,0,0,0,0,1,0,0,0,0,0,2
SALON ARAÇ,NİSSAN,MARCH,Kullanılmış,1,0,2,0,0,1,0,0,0,0,0,0,4
ESTATE,NİSSAN,QASHQAI,Kullanılmış,0,0,1,0,0,1,0,0,0,1,0,0,3
SALON ARAÇ,NİSSAN,NOTE,Kullanılmış,0,0,4,1,1,1,3,2,2,2,0,5,21
PANELVAN,NİSSAN,NV200,Kullanılmış,0,0,2,0,0,3,0,0,0,0,1,0,6
SALON ARAÇ,NİSSAN,SKYLİNE,Kullanılmış,0,0,0,2,0,1,0,0,1,0,0,1,5
ÇİFT KABİN,NİSSAN,ARKASI AÇIK,Kullanılmış,0,0,0,1,0,0,0,0,0,0,0,0,1
SALON ARAÇ,NİSSAN,FUGA,Kullanılmış,0,0,0,0,2,0,0,0,0,0,0,0,2
SALON ARAÇ,NİSSAN,SİLVİA,Kullanılmış,0,0,0,0,1,0,0,0,0,0,0,0,1
ESTATE,NİSSAN,X-TRAIL,Kullanılmış,0,0,0,0,1,0,0,0,1,0,0,1,3
ÇİFT KABİN,NİSSAN,NAVARA,Kullanılmış,0,0,0,0,1,1,0,1,1,0,1,0,5
SALON ARAÇ,NİSSAN,FİGARO,Kullanılmış,0,0,0,0,0,0,1,0,0,0,0,0,1
SALON ARAÇ,NİSSAN,CUBE,Kullanılmış,0,0,0,0,0,0,1,0,0,0,0,0,1
ESTATE,NİSSAN,VANETTE,Kullanılmış,0,0,0,0,0,0,1,1,0,0,0,0,2
SALON ARAÇ,NİSSAN,180 SX,Kullanılmış,0,0,0,0,0,0,0,1,0,0,0,0,1
PANELVAN,NİSSAN,CLİPPER,Kullanılmış,0,0,0,0,0,0,0,0,1,0,0,1,2
SALON ARAÇ,NİSSAN,COUPE,Kullanılmış,0,0,0,0,0,0,0,0,0,0,0,1,1
ROMÖRK,NUR-AK,TİPPER,Kullanılmış,1,0,0,0,0,1,0,0,0,0,0,0,2
SALON ARAÇ,OPEL,ASTRA,Kullanılmış,0,0,0,0,0,0,1,1,0,0,0,0,2
SALON ARAÇ,OPEL,AGILA,Kullanılmış,0,0,0,0,0,0,0,1,0,0,0,0,1
ROMÖRK,ÖZGÜL,LOWBED TREYLER ARAÇ TAŞIYI,Kullanılmış,1,0,0,0,0,0,0,0,0,0,0,0,1
ROMÖRK,ÖZGÜL,TİPPER TREYLER,Kullanılmış,1,0,0,0,0,0,0,0,0,0,0,0,1
KAMYONET,PEUGEOT,BİPPER,Kullanılmış,0,0,1,0,1,0,1,0,0,0,0,0,3
SALON ARAÇ,PEUGEOT,3008,Kullanılmış,0,0,0,0,1,0,0,0,0,0,0,0,1
PANELVAN,PEUGEOT,PARTNER 850 S L1 HDI,Kullanılmış,0,0,0,0,0,1,0,0,1,0,0,0,2
ESTATE,PEUGEOT,HORIZON,Kullanılmış,0,0,0,0,0,0,0,1,0,0,0,0,1
ESTATE,PEUGEOT,307,Kullanılmış,0,0,0,0,0,0,0,0,1,0,0,0,1
KAMYONET,PEUGEOT,BİPPER KAPALI,Kullanılmış,0,0,0,0,0,0,0,0,0,0,0,1,1
MOTOSİKLET,PIAGGIO,VESPA,Kullanılmış,0,0,0,0,0,0,1,0,0,0,0,0,1
MOTOSİKLET,PIAGGIO,PX200E,Kullanılmış,0,0,0,0,0,0,0,0,0,0,1,0,1
MOTOSİKLET,PİAGGİO,VESPA,Kullanılmış,0,0,0,0,1,0,0,0,0,0,0,0,1
ROMÖRK,PLATE,ARAÇ TAŞIYICI LOBET,Kullanılmış,0,0,0,1,0,0,0,0,0,0,0,0,1
SALON ARAÇ,PORSCHE,911 CARRERA,Kullanılmış,1,0,0,0,2,0,0,0,0,0,0,1,4
ESTATE,PORSCHE,MACAN,Kullanılmış,2,0,0,0,0,0,0,0,0,0,1,0,3
SALON ARAÇ,PORSCHE,924 COUPE,Kullanılmış,0,0,0,0,0,1,0,0,0,0,0,0,1
SALON ARAÇ,PORSCHE,PANAMERA,Kullanılmış,0,0,0,0,0,1,0,0,0,0,0,0,1
ESTATE,RANGE ROVER,VOGUE,Kullanılmış,0,0,1,0,0,0,0,0,0,0,0,0,1
ESTATE,RANGE ROVER,A-BIO SDV8 A,Kullanılmış,0,0,0,0,0,0,0,0,0,0,1,0,1
SALON ARAÇ,RENAULT,MEGANE,Kullanılmış,0,0,0,1,0,0,1,0,0,0,0,0,2
SALON ARAÇ,RENAULT,5,Kullanılmış,0,0,0,0,0,1,0,0,0,0,0,0,1
MOTORLU KARAVAN,RENAULT,KNAUS,Kullanılmış,0,0,0,0,0,1,0,0,0,0,0,0,1
PANELVAN,RENAULT,MASTER LM35,Kullanılmış,0,0,0,0,0,0,0,1,0,0,0,0,1
KAMYONET,RENAULT,TRAFIC,Kullanılmış,0,0,0,0,0,0,0,0,0,1,0,0,1
MOTORLU KARAVAN,RENAULT,TRAFIC,Kullanılmış,0,0,0,0,0,0,0,0,0,0,1,0,1
SALON ARAÇ,RENAULT,CLIO,Kullanılmış,0,0,0,0,0,0,0,0,0,0,0,1,1
PANELVAN,RENAULT,KANGOO,Kullanılmış,0,0,0,0,0,0,0,0,0,0,0,1,1
ROMÖRK,RHINO TANK,DORSE,Kullanılmış,1,0,0,0,0,0,0,0,0,0,0,0,1
SALON ARAÇ,RILEY,RME,Kullanılmış,0,0,0,1,0,0,0,0,0,0,0,0,1
ROMÖRK,ROHR FAHRZEUGWERKE,KATRAN TREYLERİ,Kullanılmış,0,0,0,0,0,0,0,0,0,1,0,0,1
SALON ARAÇ,ROVER,MINI,Kullanılmış,0,0,0,0,0,1,1,0,0,0,0,0,2
SALON ARAÇ,SAAB,9-3 LINEAR 150 BHP - CONVER,TKullanılmış,0,0,0,0,0,0,0,0,1,0,0,0,1
TRAKTÖR,SAME,DEUTZ FAHR,Kullanılmış,0,0,1,0,0,0,0,0,0,0,0,0,1
BİRLEŞTİRİLEN ARAÇ,SCANIA,ÇEKİCİ,Kullanılmış,1,0,0,0,0,0,0,0,0,0,0,0,1
ROMÖRK,SCHMITZ,TRI AXLE BUZLUKLU,Kullanılmış,0,0,0,0,0,2,0,0,0,0,0,0,2
ROMÖRK,SCHMITZ,EURO LINER,Kullanılmış,0,0,0,0,0,0,1,0,0,0,0,0,1
SALON ARAÇ,SEAT,CORDOBA,Kullanılmış,0,0,0,0,0,0,0,0,0,2,0,0,2
ROMÖRK,SERT MAKİNA,TIPPER SMY3,Kullanılmış,0,0,0,0,0,1,0,0,0,0,0,0,1
MOTOSİKLET,SETRO,ELEKTRİKLİ,Kullanılmış,0,0,0,0,0,0,1,0,0,0,0,0,1
SALON ARAÇ,SMART,FORTWO,Kullanılmış,0,0,1,0,0,0,0,0,0,0,0,0,1
ÇİFT KABİN,SSANG YONG,ARKASI AÇIK,Kullanılmış,0,0,0,2,0,0,0,0,0,0,0,0,2
ESTATE,SUZUKI,SAMURAİ,Kullanılmış,1,0,0,0,0,0,0,0,0,0,0,0,1
SALON ARAÇ,SUZUKI,SWIFT,Kullanılmış,2,0,0,0,1,2,1,0,0,0,0,0,6
SALON ARAÇ,SUZUKI,VITARA,Kullanılmış,0,0,0,1,0,0,0,0,0,0,0,0,1
SALON ARAÇ,SUZUKI,ALTO,Kullanılmış,0,0,0,0,2,0,0,0,0,1,0,0,3
KAMYONET,SUZUKI,CARYY,Kullanılmış,0,0,0,0,0,1,0,0,0,0,0,0,1
SALON ARAÇ,SUZUKI,BALENO,Kullanılmış,0,0,0,0,0,1,0,0,0,0,0,0,1
MOTOSİKLET,SUZUKI,V-STROM,Kullanılmış,0,0,0,0,0,2,0,0,0,0,0,0,2
Motobisiklet,SUZUKI,LETS,Kullanılmış,0,0,0,0,0,1,0,0,0,0,0,0,1
ESTATE,SUZUKI,JIMNY,Kullanılmış,0,0,0,0,0,1,0,0,0,0,0,0,1
SALON ARAÇ,SUZUKI,HUSLER,Kullanılmış,0,0,0,0,0,0,0,1,0,0,0,0,1
FORK LİFT,TCM,FORKLIFT 8427,Kullanılmış,0,0,0,1,0,0,0,0,0,0,0,0,1
SALON ARAÇ,TOYOTA,VITZ,Kullanılmış,0,0,5,1,0,1,0,0,0,0,1,0,8
SALON ARAÇ,TOYOTA,AYGO,Kullanılmış,0,0,1,0,0,1,0,0,0,0,0,0,2
SALON ARAÇ,TOYOTA,MR-2,Kullanılmış,0,0,1,0,0,0,1,0,0,0,0,0,2
ÇİFT KABİN,TOYOTA,HILUX,Kullanılmış,0,0,1,0,0,0,0,3,0,0,0,1,5
ESTATE,TOYOTA,LAND CRUISER,Kullanılmış,0,0,1,1,0,1,0,0,0,0,0,1,4
FORK LİFT,TOYOTA,ELEKTİKLİ,Kullanılmış,0,0,0,1,0,0,0,0,0,0,0,0,1
KAMYONET,TOYOTA,TOWNACE,Kullanılmış,0,0,0,0,1,1,0,0,0,0,0,0,2
SALON ARAÇ,TOYOTA,CELICA,Kullanılmış,0,0,0,0,0,1,0,0,0,0,0,0,1
SALON ARAÇ,TOYOTA,AURİS,Kullanılmış,0,0,0,0,0,0,1,1,0,0,0,0,2
OTOBÜS,TOYOTA,COASTER,Kullanılmış,0,0,0,0,0,0,1,0,0,0,0,1,2
SALON ARAÇ,TOYOTA,CAMRY,Kullanılmış,0,0,0,0,0,0,0,1,0,0,0,0,1
SALON ARAÇ,TOYOTA,YARİS,Kullanılmış,0,0,0,0,0,0,0,0,0,0,0,1,1
SALON ARAÇ,TOYOTA,PASSO,Kullanılmış,0,0,0,0,0,0,0,0,0,0,0,1,1
RALLİ ARACI,TOYOTA,STARLET,Kullanılmış,0,0,0,0,0,0,0,0,0,0,0,1,1
SALON ARAÇ,TRIUMPH,HERALD,Kullanılmış,0,0,0,0,0,0,0,1,0,0,0,0,1
SALON ARAÇ,TRIUMPH,STAG,Kullanılmış,0,0,0,0,0,0,0,0,0,1,0,0,1
TRAKTÖR,TÜMOSAN,KABİNLİ TRAKTÖR,Kullanılmış,1,0,0,0,0,0,0,0,0,0,0,0,1
TRAKTÖR,TÜMOSAN,AL5 8105 4WD 4X4 KABİNLİ,Kullanılmış,0,0,0,1,0,0,0,0,0,0,0,0,1
MOTOSİKLET 3 TEKER,URAL,GEAR-UP YANLIKLI,Kullanılmış,0,0,0,0,0,0,0,1,0,0,0,0,1
TRAKTÖR,UZEL,"3,50 BAHÇE",Kullanılmış,0,0,0,0,0,1,0,0,0,0,0,0,1
TRAKTÖR,VALTRA,C90,Kullanılmış,0,0,0,0,0,1,0,0,0,0,0,0,1
KAMYONET,VAUXHALL,COMBO,Kullanılmış,1,0,1,0,1,1,0,0,0,0,0,0,4
SALON ARAÇ,VAUXHALL,INSIGNIA,Kullanılmış,0,0,1,0,0,0,0,0,0,0,0,0,1
KAMYONET,VAUXHALL,ASTRA,Kullanılmış,0,0,0,1,0,0,0,0,1,0,0,0,2
ESTATE,VAUXHALL,ZAFIRA,Kullanılmış,0,0,0,0,0,1,0,0,0,0,0,0,1
ESTATE,VAUXHALL,MOKKA,Kullanılmış,0,0,0,0,0,0,1,0,0,0,0,0,1
SALON ARAÇ,VAUXHALL,VIVA SE,Kullanılmış,0,0,0,0,0,0,1,0,0,0,0,0,1
SALON ARAÇ,VAUXHALL,ASTRA,Kullanılmış,0,0,0,0,0,0,0,0,0,0,0,1,1
MOTOSİKLET,VESPA,MOTOSİKLET,Kullanılmış,1,0,0,0,0,0,0,0,0,0,0,0,1
MOTOSİKLET,VESPA,PIAGGIO,Kullanılmış,0,0,0,1,0,0,0,0,0,0,0,0,1
MOTOSİKLET,VESPA,PX200,Kullanılmış,0,0,0,0,1,0,0,0,0,0,0,0,1
KAMYONET,VOLKSWAGEN,CADDY,Kullanılmış,0,1,0,0,0,0,0,0,0,0,0,0,1
SALON ARAÇ,VOLKSWAGEN,BEETLE,Kullanılmış,0,0,1,1,0,0,0,0,0,0,0,0,2
ESTATE,VOLKSWAGEN,TİGUAN,Kullanılmış,0,0,1,0,1,1,0,0,0,0,0,0,3
ESTATE,VOLKSWAGEN,SHARAN,Kullanılmış,0,0,0,1,0,0,0,0,0,0,0,0,1
SALON ARAÇ,VOLKSWAGEN,PASSAT,Kullanılmış,0,0,0,0,1,0,1,0,1,0,0,2,5
SALON ARAÇ,VOLKSWAGEN,GOLF,Kullanılmış,0,0,0,0,0,0,1,0,0,0,2,1,4
KAMYON,VOLKSWAGEN,CRAFTER,Kullanılmış,0,0,0,0,0,0,0,1,0,0,0,0,1
OTOBÜS,VOLKSWAGEN,CRAFTER,Kullanılmış,0,0,0,0,0,0,0,0,0,1,0,0,1
ÇİFT KABİN,VOLKSWAGEN,AMAROK,Kullanılmış,0,0,0,0,0,0,0,0,0,0,1,0,1
SALON ARAÇ,VOLKSWAGEN,POLO,Kullanılmış,0,0,0,0,0,0,0,0,0,0,0,1,1
ESTATE,VOLKSWAGEN,ESTATE,Kullanılmış,0,0,0,0,0,0,0,0,0,0,0,1,1
OTOBÜS,VOLKSWAGEN,OTOBÜS,Kullanılmış,0,0,0,0,0,0,0,0,0,0,0,1,1
BİRLEŞTİRİLEN ARAÇ,VOLVO,ÇEKİCİ,Kullanılmış,2,0,0,0,0,0,0,0,1,0,2,5,10
ESTATE,VOLVO,XC60 SE,Kullanılmış,0,0,1,0,0,0,0,0,0,0,0,0,1
KAMYON,VOLVO,TİPPER,Kullanılmış,0,0,0,0,0,1,0,1,0,0,0,1,3
SALON ARAÇ,VOLVO,V40,Kullanılmış,0,0,0,0,0,0,0,0,0,1,0,0,1
FORK LİFT,YALE,GDP35UX,Kullanılmış,0,0,0,0,0,0,0,0,1,0,0,0,1
MOTOSİKLET,YAMAHA,XJ 600 N,Kullanılmış,0,0,0,0,0,0,0,0,1,0,0,0,1
MOTOSİKLET,YAMAHA,MOTOSİKLET,Kullanılmış,0,0,0,0,0,0,0,0,0,0,0,1,1
MOTOSİKLET,YAMAHA,CYGNUS,Kullanılmış,0,0,0,0,0,0,0,0,0,0,0,1,1
